family,seed,public_unit_id,E_full_oracle,E_request_oracle,E_base_oracle,coefficient_decomposition_residual,hidden_decomposition_residual
M1,291301,joint-2a931d7a53cb9c33974d,0.7783324260461919,0.7918656227626251,1.504563979910955,0.0,2.7755575615628914e-17
M1,291301,joint-4352a0ffd3ac22d2f5e6,0.6307940612662466,0.4269041583637667,1.756512885012217,0.0,7.781720101629475e-09
M1,291301,joint-147f59a58d0ef285e900,0.8915176060968183,0.8944705282838804,1.6838067186950754,0.0,1.6865898899709464e-08
M1,291301,joint-d0326bfd1d59b011ffc1,0.5327365857207764,0.4505988540382257,1.9080745178901992,0.0,8.432949449854732e-09
M1,291301,joint-b0a6408213b275a6eec4,0.3784144891041809,0.5131535292921665,1.662346312409478,1.1920928955078125e-07,3.598521480796535e-08
M1,291301,joint-f16075ae76c562b01afa,0.6025602756083894,0.3608089059182287,1.120787757113669,0.0,7.03725571149505e-08
M1,291301,joint-6c84dffefac07a85efd4,0.408926955323158,0.32218538439613414,1.7729398604800175,1.1920928955078125e-07,2.5206405185329572e-08
M1,291301,joint-530af393a720d348afb0,0.4630010534610729,0.4983035730082037,1.7062857594421916,2.384185791015625e-07,5.1180041538145815e-08
M1,291301,joint-66b0d86cfbc4d904308f,0.2276729171421673,0.06850680012386205,1.3328812814350774,1.4901161193847656e-08,1.7992607403982674e-08
M1,291301,joint-cb84ae0ab47be6c0b097,0.5134677736542878,0.33905538132910684,1.259089099818425,0.0,1.6865898899709464e-08
M1,291301,joint-bd7b1bc3eac5c32be6ce,0.6701243149772965,0.39763999724679244,1.3356497621248415,0.0,6.755140447012309e-09
M1,291301,joint-f42e2b2aa0bcf1904b2c,1.0801801048363262,0.8076535036707184,1.5505857803599923,0.0,3.1987525961341134e-08
M1,291301,joint-0cc5980f554a68da719e,1.2133416553635885,1.2818445516697394,1.5953933583377773,0.0,3.3775702235061544e-09
M1,291301,joint-c71196ce6b27a5f15741,0.7426384999969301,0.703294601449427,1.8394678431703722,1.4901161193847656e-08,2.6842553957351356e-08
M1,291301,joint-08a29e94c959b15daf6c,0.38499114123604505,0.16029150798375144,1.456004264438366,0.0,2.090004525001632e-08
M1,291301,joint-009344968abd7434a0a8,0.4530730841771833,0.3696313547851106,1.851632325406958,1.1920928955078125e-07,3.406700965769005e-08
M1,291301,joint-0d9b039cb21daac03d2a,0.4908766553015,0.48906678668033493,1.8169238393295948,0.0,1.2795010384536454e-08
M1,291301,joint-96bbd61ef63ebf358d5e,0.18481159004743944,0.13131108626539567,1.4136189227476899,1.4901161193847656e-08,1.5739190395436253e-08
M1,291301,joint-71226efdc82c7b8eb4e1,1.747628080745686,1.672890538826232,1.7808768317613237,0.0,2.078435740182627e-08
M1,291301,joint-2b6a5ce6c26b3991652e,0.643441419234753,0.8565773071237105,1.861240887928723,0.0,2.7755575615628914e-17
M1,291301,joint-c45a492c6ab0e2e5bfbe,1.8467258794737489,1.7501631521543592,1.929658997657587,0.0,6.397505192268227e-09
M1,291301,joint-b2b2ebaf8b3253aafde3,0.9663972010169402,0.9129598033911416,1.8678647741812713,0.0,5.066355335259232e-09
M1,291301,joint-58d5f239e12552c3626e,0.655484112424395,0.6770669831178303,1.5138732284287704,0.0,1.5739190395436253e-08
M1,291301,joint-fc2b76f0772372bf8c3c,0.6132280163323063,0.5731117044553562,1.7198345140358875,0.0,5.151216284082771e-08
M1,291301,joint-fe2aefddb9b7745686ad,0.5561931396822833,0.4696922361389124,1.467099255843432,0.0,1.9216617630490873e-08
M1,291301,joint-8b6ff975d45da97a4933,0.3972532172455599,0.3193778979171821,1.7394550778813802,0.0,2.5290590510707034e-08
M1,291301,joint-175e17d0ef9573bac40e,0.353301558254329,0.437269745171029,1.7226659406455853,0.0,3.260508929514572e-08
M1,291301,joint-a3d06b9cb0966439eddd,0.35997371127199806,0.16916709311694658,1.2950520106496737,0.0,3.1987525961341134e-08
M1,291301,joint-04c90cd2b55e51d7395c,0.8941792444837688,0.7384810410688751,1.63533932798641,0.0,1.7992607403982674e-08
M1,291301,joint-03d19206c4766692b70a,0.19389133334173123,0.2176627255245935,1.5446833768628423,0.0,9.71742575295309e-09
M1,291301,joint-f3533a47857412ee6574,0.7404144617693104,0.7042916995049144,1.8115569306581185,1.4901161193847656e-08,7.781720157140626e-09
M1,291301,joint-19e423cc276169fd1073,0.5575339405325076,0.3248737776567851,1.224514657416859,0.0,4.478253634587759e-08
M1,291301,joint-ff96f3eeddc533681410,0.442296650402795,0.39293851034786415,1.5693447361629471,1.1920928955078125e-07,3.373179779941893e-08
M1,291301,joint-c4e21270ec4d0d7be262,0.6894670625328668,0.4729961525535422,1.037811762250369,0.0,1.6865898899709464e-08
M1,291301,joint-f3c2aa3445150de38445,0.6673365109255451,0.6459031048506285,1.8640657025755867,5.960464477539063e-08,4.573958994891214e-08
M1,291301,joint-9b1bd063fe31242ee1d4,0.4591022061964543,0.5501461779466463,1.7447000127675714,0.0,1.6865898899709464e-08
M1,291301,joint-dc07119105a4b0f17fef,0.8442726476713589,0.9593437520710715,1.7211219712235188,2.384185791015625e-07,8.10616853641477e-08
M1,291301,joint-e62d176dd1f3b78034aa,0.5166865904485358,0.49203413841612237,1.784992522671848,0.0,5.055377494400659e-08
M1,291301,joint-7fb044ff7f38057c2332,0.6749180454275118,0.653116930148983,1.8841576761958077,0.0,2.6318783152845526e-08
M1,291301,joint-86e6ae730070eee6983b,0.744019910994925,0.44327326002927925,1.5660940444770046,2.9802322387695312e-08,1.7290237699918443e-08
M1,291301,joint-9a206f19112cd83d8451,0.47249658241281806,0.3776247898414105,1.9247244257543028,0.0,1.4047543572814902e-08
M1,291301,joint-d9be6f5c2e8106f0264a,0.6023024653293342,0.4093427374823266,1.7806102755839637,5.960464477539063e-08,2.078435740182627e-08
M1,291301,joint-6f8a92fc80c9c4920afe,1.762433114487663,1.2395327856726035,1.8447961155740402,0.0,3.1987525961341134e-09
M1,291301,joint-2a31fc646bfd539046d7,0.46785981113530845,0.337610664763903,1.1173179737610064,1.1920928955078125e-07,3.458047537208131e-08
M1,291301,joint-e8ed568644109d3c68dd,0.5786488191947404,0.48512782684941835,1.8361074473728174,0.0,5.149317483521543e-08
M1,291301,joint-310c46903e1f1c1d5a60,0.2291436127065012,0.057735166692983696,1.3757593171936209,0.0,1.6865898899709464e-08
M1,291301,joint-1285f64b5ffdc41a435d,0.7319588028685391,0.9403291195739477,1.1370231955477255,0.0,4.221962768280463e-08
M1,291301,joint-70524fe1e7c2518c400a,0.47200170713872397,0.44698659883982195,1.7541852253890466,0.0,1.6536155444946132e-08
M1,291301,joint-41ae71c0e6c6d51506eb,0.7658124177481933,0.43285620300228894,1.4495448724096989,0.0,4.221962779382693e-08
M1,291301,joint-f2a415df92c5dbd9c22b,0.4842323732892045,0.4637257863149363,1.8083286401185275,0.0,6.334878510649844e-08
M1,291301,joint-05f0f9643ecc833a54a1,0.4132166462276792,0.32790350584449535,1.7329172646684128,0.0,2.604068871647769e-08
M1,291301,joint-6731d5008cdff8444b8a,0.9005526457704506,0.7402318172779021,1.847543756361144,0.0,1.3877787807814457e-17
M1,291301,joint-cd5d57fb2d2fc404ed88,0.39595986156208623,0.32789340523682114,1.7015625822931506,0.0,1.9454300392851565e-09
M1,291301,joint-c73f7954cc710bf9d63c,0.82638382855667,0.6383346984009134,1.2854478352747956,0.0,9.288318114641925e-09
M1,291301,joint-8c80649d97868318c9fe,0.7188350052953969,0.6904596041475948,1.8056692863073094,3.725290298461914e-09,2.7295441240582363e-08
M1,291301,joint-e8ffd69e58705acdb563,0.12756441276111422,0.1647155376385339,1.5979886808622001,0.0,8.106168558619231e-08
M1,291301,joint-2474a6ed6bbe4f7e1b97,1.0762051906925774,1.4355524947776912,0.9383550594692448,0.0,6.397505192268227e-09
M1,291301,joint-1b6c644185589ebc48c8,0.6504244200425829,0.6192637125136878,1.798288710984517,0.0,2.5550257243267538e-08
M1,291301,joint-efe7c8a0a11bb35094e0,1.0518563704208068,1.0373137912240098,1.2690513011944469,0.0,1.481608391529221e-08
M1,291301,joint-9ea456682d298ae62b43,1.2266421286559854,1.320882586560671,1.6541845998655171,0.0,6.079626424515538e-08
M1,291301,joint-7d924a87e8568d82b71b,0.6683833889979401,0.6678966563920111,1.8489268329404052,5.960464477539063e-08,3.7957869791771515e-08
M1,291301,joint-f012efad790d4bcb5275,1.524200197214657,1.545290984565904,1.3592455716521024,5.960464477539063e-08,3.181185137535181e-08
M1,291301,joint-99a2122f162a74088f58,0.5419759334841024,0.4373077927644043,1.9075362851585071,0.0,2.7020561788049235e-08
M1,291301,joint-ce884c4d333127e8b6dc,0.156219712160666,0.28517156268824917,1.898908667138634,0.0,1.3510280894024618e-08
M1,291301,joint-50af49320c1511a0d6c6,0.41924034406494937,0.24404435758554371,1.3771945328376671,0.0,8.956507269175518e-08
M1,291301,joint-4664e26abb95085a572a,1.344165072629873,1.379583087853783,1.6363570608614129,5.960464477539063e-08,4.17029308863448e-08
M1,291301,joint-79aa8ba0c5489ddf2497,0.3280344857346381,0.2477892902805699,1.2168445988942163,0.0,3.838503115360936e-08
M1,291301,joint-d987f2e8f59153959f0b,1.086897277624425,0.8833708184277099,1.7601231164612825,0.0,4.221962779382693e-09
M1,291301,joint-cb8130fb1c35fd8e7b18,0.6489293305969046,0.5698433725556835,1.9049538660733103,0.0,1.0132710648314003e-07
M1,291301,joint-d18a1d26ca0c2d035ee3,0.9460851050911713,0.9336559928929269,0.600254298273071,0.0,3.1987525961341134e-09
M1,291301,joint-da2f34f1c087e97b1afb,0.16871160589611892,0.19460545611848407,1.5108556078955562,0.0,8.432949449854732e-09
M1,291301,joint-d61e8bcf8b85f15c898a,0.6711344439028807,0.6642692416575947,1.7724694819602376,0.0,3.8908599675480104e-09
M1,291301,joint-4de8fb543630717fe750,0.543979409758599,0.5698546343316845,1.8024100315420926,2.384185791015625e-07,5.263756619466875e-08
M1,291301,joint-dc3cf8ce3539277e0726,0.4648799755355895,0.2668816279109611,1.376635525659156,0.0,5.2352338464345394e-08
M1,291301,joint-afc74f4446a723051311,0.9876410953778854,1.0983656390199596,1.549984560129487,0.0,1.481608391529221e-08
M1,291301,joint-b8e91cf056a2850aa06d,0.3477267873116004,0.24887485991090977,1.3684645296489961,0.0,5.263756630569105e-08
M1,291301,joint-1f313d8436034e3c8a2f,0.17334622015621173,0.2213789463373189,1.8527773058303918,0.0,1.3877787807814457e-17
M1,291301,joint-86283058a19cd7794f47,0.6932522954410918,0.8478906940560903,1.0224126100540079,0.0,1.0395945937435869e-08
M1,291301,joint-a5ed81533299a3f553ae,0.5863361548096212,0.5595861162973246,1.847979492569303,0.0,4.559625421673985e-08
M1,291301,joint-1b3125f558c72b1ea5e4,0.6834278555615507,0.7207915415443755,1.7905066996389665,0.0,2.3345160471421877e-08
M1,291301,joint-3dcb938aa6f788013529,1.3238389269605055,1.1258075809352728,1.8925915797313815,0.0,2.0265421341036927e-08
M1,291301,joint-f3d0c584cd58125ec9bd,0.6487696801492857,0.5268418273295257,1.740940309426539,0.0,1.3510280894024618e-08
M1,291301,joint-a4fe2bd135f56d3a3b4d,0.5659670023799043,0.442680987077028,1.628748949307173,0.0,1.5175836143299648e-08
M1,291301,joint-baf9ad5b2a0e2663433b,1.2640451923206732,1.326136107144527,1.517926221807166,0.0,3.0398132233599995e-08
M1,291301,joint-63dd4abeb6e1325c7806,0.347874017216099,0.4131168888747063,1.7674748664976447,0.0,8.432949449854732e-09
M1,291301,joint-89a8114aac92bfca40db,1.067783418165535,1.200936938519898,1.5394338807841603,0.0,2.7020561788049235e-08
M1,291301,joint-fdd9add87d3e0887f0db,0.6446792415706405,0.8131465028684,1.5706160876094868,1.1920928955078125e-07,5.404112357609847e-08
M1,291301,joint-8deb233befdaaa44244e,0.5465218069169847,0.3926716354072894,1.4732919507407136,0.0,3.546448734681462e-08
M1,291301,joint-750a25537e1c577ecb17,1.298676961270881,1.392606150033628,1.496466852337032,0.0,1.6887851117530772e-08
M1,291301,joint-d20c3c92116f8fce3c1e,0.8361663642193786,0.7367330150072828,1.6027618978012337,0.0,4.084815463656355e-08
M1,291301,joint-83912571774477870e69,0.2260130419337864,0.16347756921202333,1.8799008634380157,1.1920928955078125e-07,3.373179779941893e-08
M1,291301,joint-0b091357d2bc89169b82,1.0519879220895694,0.9371508292166495,1.8329881025361539,1.1920928955078125e-07,3.485850630369214e-08
M1,291301,joint-79a2726c7c85c127d89d,0.9439596816036064,0.8527664287136029,1.776346570059149,0.0,4.897476824083924e-08
M1,291301,joint-ff0e8b614b34aecce4b3,0.4303743540799993,0.18230324580220078,1.250031055940603,0.0,4.113194962407363e-08
M1,291301,joint-a6e0056491e5774f3780,1.0310531058664454,0.7734698168937407,1.9343861866620278,5.960464477539063e-08,1.6865898899709464e-08
M1,291301,joint-009541860623d2bb9f1f,0.4214162799791114,0.2843977413092394,1.463220142837043,0.0,2.4172139845290985e-08
M1,291301,joint-ffe811f4bd9985f39189,0.997950510774103,1.0871905588201396,1.7053768659843724,0.0,3.3775702235061544e-08
M1,291301,joint-08c462a1ad92c4ade964,0.15639090326997834,0.0892495889917381,1.8600392775590397,0.0,1.943485150590618e-08
M1,291301,joint-2ce56f0ea0683dcda2f5,1.2248280040280264,1.1146504525925895,1.8627359598483546,0.0,4.45430368145594e-08
M1,291301,joint-e8e45e1d9d7dc3a06a25,0.19224188428572148,0.2827916837614396,1.8809849602151452,0.0,2.7552265358110617e-08
M1,291301,joint-cf92d455cc3ba4b96312,0.5392561046817254,0.5342791200378726,1.7389611884638978,0.0,2.6522972262910116e-08
M1,291302,joint-2a931d7a53cb9c33974d,0.4576506580054913,0.39747148211046207,1.694596830855186,0.0,7.018923220414308e-09
M1,291302,joint-4352a0ffd3ac22d2f5e6,0.43723002957860707,0.10025535140822064,1.607986047354226,0.0,1.9932242745213102e-08
M1,291302,joint-147f59a58d0ef285e900,0.5013139278394375,0.45305680709521995,1.7035103951443777,0.0,1.1854144332801297e-08
M1,291302,joint-d0326bfd1d59b011ffc1,0.19575842860263834,0.10445076537890202,1.9078837529108312,0.0,2.5334088604722638e-08
M1,291302,joint-b0a6408213b275a6eec4,0.7700950840136341,0.9341291721725704,1.8407232279613674,1.4901161193847656e-08,4.447808832352962e-08
M1,291302,joint-f16075ae76c562b01afa,0.5368214011735554,0.6220303238650638,1.179718058667926,1.1920928955078125e-07,4.206753079216696e-08
M1,291302,joint-6c84dffefac07a85efd4,0.26688693968168276,0.16788925723754192,1.82189651654562,0.0,2.9681920477031554e-08
M1,291302,joint-530af393a720d348afb0,0.9324257608478488,0.7714897884097148,1.5037892612246728,0.0,2.0249400267680073e-08
M1,291302,joint-66b0d86cfbc4d904308f,0.510480424490025,0.7105235605736179,1.9865677158029686,5.960464477539063e-08,2.283832323257684e-08
M1,291302,joint-cb84ae0ab47be6c0b097,0.5640470732740382,0.6424263637684882,1.9978063219719637,0.0,4.827678301566607e-08
M1,291302,joint-bd7b1bc3eac5c32be6ce,0.9676782919763666,0.8680962544517665,1.0142713350265768,0.0,1.6410692360580015e-08
M1,291302,joint-f42e2b2aa0bcf1904b2c,0.6100473400412186,0.6460502207309238,1.2425486093272502,0.0,1.1516118725296565e-08
M1,291302,joint-0cc5980f554a68da719e,0.14207559449902177,0.16301001103464624,1.9619796863397037,2.384185791015625e-07,7.032810600549055e-08
M1,291302,joint-c71196ce6b27a5f15741,0.8637073254557635,0.8209023834242261,1.3978339492401162,0.0,1.9718737975793488e-08
M1,291302,joint-08a29e94c959b15daf6c,0.8114747457572018,0.7090822246647226,1.37872883885685,2.384185791015625e-07,6.196967738958392e-08
M1,291302,joint-009344968abd7434a0a8,0.24569302499840268,0.14426695822424093,1.8014931744292844,0.0,4.417517038279861e-08
M1,291302,joint-0d9b039cb21daac03d2a,0.8673995617628817,0.7368942066946862,1.5382666677131862,0.0,1.5770671546455617e-08
M1,291302,joint-96bbd61ef63ebf358d5e,0.5914368079023659,0.788773055148454,1.974100470524727,1.1920928955078125e-07,2.8075692881657233e-08
M1,291302,joint-71226efdc82c7b8eb4e1,0.8576367955017639,0.690744307860044,1.8486656521460398,0.0,3.992704833422067e-08
M1,291302,joint-2b6a5ce6c26b3991652e,0.14404956959451548,0.24792320655826058,1.6766748266199765,0.0,1.6402395441872386e-08
M1,291302,joint-c45a492c6ab0e2e5bfbe,1.0783496948325486,0.8843899853711839,1.8371238161550048,1.1920928955078125e-07,5.6090040945200315e-08
M1,291302,joint-b2b2ebaf8b3253aafde3,0.3858966609916523,0.5523369626651939,1.551889150205958,0.0,4.406973896919908e-08
M1,291302,joint-58d5f239e12552c3626e,0.2917927750759278,0.31693695953130474,1.9670877238359128,0.0,2.456623127145008e-08
M1,291302,joint-fc2b76f0772372bf8c3c,0.2877045132596131,0.17498181893459921,1.5376756147783717,0.0,3.2440726771554296e-08
M1,291302,joint-fe2aefddb9b7745686ad,1.1326857133526158,1.0105577105694887,1.5438274480550085,0.0,1.8569298543269497e-08
M1,291302,joint-8b6ff975d45da97a4933,0.25529239950200655,0.12595796793241532,1.787835521706284,0.0,2.7221404325095122e-08
M1,291302,joint-175e17d0ef9573bac40e,0.754259155290933,0.8501638667359989,1.9713285734298167,0.0,6.639563920884939e-08
M1,291302,joint-a3d06b9cb0966439eddd,0.36378334009474644,0.5176509020545152,1.353589456976845,5.960464477539063e-08,3.3292569590059884e-08
M1,291302,joint-04c90cd2b55e51d7395c,0.2639191642429959,0.42685221713480376,1.5392086729617036,2.384185791015625e-07,4.791122587555208e-08
M1,291302,joint-03d19206c4766692b70a,0.6494235956112775,0.8200097537295645,1.967989677175741,0.0,1.4037846440828616e-08
M1,291302,joint-f3533a47857412ee6574,0.884401772260154,0.8292860260558487,1.3794421583772396,0.0,2.1442897124579474e-08
M1,291302,joint-19e423cc276169fd1073,0.3353513798432207,0.022455221711755086,1.599090472262675,0.0,3.856190322615305e-08
M1,291302,joint-ff96f3eeddc533681410,0.35766739384332286,0.4632854796179167,1.8052905638997097,7.450580596923828e-09,3.6276890602593426e-08
M1,291302,joint-c4e21270ec4d0d7be262,0.4732628001924023,0.57300873994167,1.9981518828388642,0.0,4.7795976954034813e-08
M1,291302,joint-f3c2aa3445150de38445,0.723976317452666,0.6848407408096926,1.4892096330327302,0.0,2.6292206745104352e-08
M1,291302,joint-9b1bd063fe31242ee1d4,0.7576380537174344,0.9319390523496579,1.7993168919112494,1.4901161193847656e-08,5.927072166400649e-09
M1,291302,joint-dc07119105a4b0f17fef,0.24618888437022537,0.350599040476823,1.7094407277285828,5.960464477539063e-08,9.841212289529722e-08
M1,291302,joint-e62d176dd1f3b78034aa,0.9219841829449458,0.7691449847893816,1.5038292486478588,0.0,4.990881041777584e-09
M1,291302,joint-7fb044ff7f38057c2332,0.737119110107495,0.7124128176308535,1.5074174118598807,0.0,3.259302094882344e-08
M1,291302,joint-86e6ae730070eee6983b,1.0425140264961084,0.9180522243006511,1.336868721509401,1.1920928955078125e-07,2.6291650634391317e-08
M1,291302,joint-9a206f19112cd83d8451,0.2620317164192185,0.1855135743816669,1.777511508403409,0.0,1.7626198167697282e-08
M1,291302,joint-d9be6f5c2e8106f0264a,0.3975678786678984,0.09401036021412648,1.6437953724000285,0.0,2.8255385142728073e-08
M1,291302,joint-6f8a92fc80c9c4920afe,0.9767837437389674,0.6085263349012143,1.7729216662214684,5.960464477539063e-08,1.4022510264055654e-08
M1,291302,joint-2a31fc646bfd539046d7,0.4420074859809071,0.47922838628798364,1.7532017520548666,0.0,1.3145825317195658e-08
M1,291302,joint-e8ed568644109d3c68dd,0.9308322755938455,0.7711822991324203,1.4743065284660941,0.0,2.0293457692055483e-08
M1,291302,joint-310c46903e1f1c1d5a60,0.5916420561336164,0.7791054549284144,1.9821003919109097,0.0,1.6402395441872386e-08
M1,291302,joint-1285f64b5ffdc41a435d,0.8579976524191166,0.9728133630407833,1.886337111044239,0.0,1.442716562882751e-08
M1,291302,joint-70524fe1e7c2518c400a,0.22223804433496833,0.04348707522289594,1.7686801592470978,0.0,3.283523963837354e-08
M1,291302,joint-41ae71c0e6c6d51506eb,0.9648579577164464,0.8755554941684427,1.164760691019039,0.0,2.3442702001830185e-08
M1,291302,joint-f2a415df92c5dbd9c22b,0.8342103523462912,0.7340909758390974,1.6153690376515006,0.0,5.271688641173e-08
M1,291302,joint-05f0f9643ecc833a54a1,0.2721512632600073,0.1683857271664402,1.8317600140779084,0.0,3.668918324706283e-08
M1,291302,joint-6731d5008cdff8444b8a,0.12190246728830069,0.2247012225481719,1.9701585537692652,0.0,1.7781216499201946e-08
M1,291302,joint-cd5d57fb2d2fc404ed88,0.27497600253977655,0.039799259353991756,1.725501337957266,0.0,1.9164877018695847e-08
M1,291302,joint-c73f7954cc710bf9d63c,0.5613276861884279,0.6219808211227315,1.8388248326150556,0.0,2.9607569285161617e-08
M1,291302,joint-8c80649d97868318c9fe,0.4212487949077199,0.26442746956324,1.4565233779366369,0.0,1.1996385884671668e-08
M1,291302,joint-e8ffd69e58705acdb563,0.6961578767021261,0.6308229726253889,1.5409212182035237,0.0,1.4042008444903331e-08
M1,291302,joint-2474a6ed6bbe4f7e1b97,0.9932918174700984,0.4291976077232522,1.6248561736569365,0.0,5.758059362648282e-09
M1,291302,joint-1b6c644185589ebc48c8,0.23448674322415825,0.10440016350300102,1.5975185561661525,0.0,4.3807153460306836e-08
M1,291302,joint-efe7c8a0a11bb35094e0,0.6711273904610743,0.36243367886129624,1.950008954901617,1.4901161193847656e-08,5.580998729826092e-08
M1,291302,joint-9ea456682d298ae62b43,0.1882175486788519,0.11348638735340694,1.941145401213204,2.384185791015625e-07,7.211416308550156e-08
M1,291302,joint-7d924a87e8568d82b71b,0.7542931634844593,0.7429283813764728,1.5251122796564445,0.0,1.79945788270075e-08
M1,291302,joint-f012efad790d4bcb5275,0.6400713803645344,0.5153116231510052,1.7451654657515243,5.960464477539063e-08,1.9963524167110336e-08
M1,291302,joint-99a2122f162a74088f58,0.13818177752324926,0.04920490575890194,1.8976787293286652,0.0,4.270618969570705e-08
M1,291302,joint-ce884c4d333127e8b6dc,0.12169391277871591,0.22536669814438023,1.6750620085164094,0.0,2.8075692881657233e-08
M1,291302,joint-50af49320c1511a0d6c6,0.365723231006153,0.5073489462109686,1.3119484774020238,1.1920928955078125e-07,6.811965302944145e-08
M1,291302,joint-4664e26abb95085a572a,0.6666476849160814,0.30271325663613896,1.7827580192566588,0.0,4.6436401390792525e-08
M1,291302,joint-79aa8ba0c5489ddf2497,0.2666990177096706,0.18551509792991228,1.522353237767359,0.0,2.5297782146882497e-08
M1,291302,joint-d987f2e8f59153959f0b,0.25981121217417275,0.519766800301425,1.2484560658776163,0.0,1.754730805103577e-08
M1,291302,joint-cb8130fb1c35fd8e7b18,0.025423819032137054,0.10185581711655275,1.9633376040260637,0.0,9.286327040669562e-08
M1,291302,joint-d18a1d26ca0c2d035ee3,0.5845282309135554,0.5305029471328436,1.1577778474544773,0.0,1.1516118725296565e-08
M1,291302,joint-da2f34f1c087e97b1afb,0.5319027138169525,0.7071077114698032,1.9834589043932471,5.960464477539063e-08,2.283832323257684e-08
M1,291302,joint-d61e8bcf8b85f15c898a,0.8421360646199614,0.7982125321576369,1.3931726479602553,0.0,1.3145825317195658e-08
M1,291302,joint-4de8fb543630717fe750,0.7813185003608036,0.6922518294704859,1.5321758967658963,0.0,2.5258993785470807e-08
M1,291302,joint-dc3cf8ce3539277e0726,0.6223166332359661,0.5304765688266004,1.3848544963722933,0.0,2.851437530537737e-09
M1,291302,joint-afc74f4446a723051311,0.8530619293162044,0.9555372561891436,1.8413810784919225,2.384185791015625e-07,5.278750769832641e-08
M1,291302,joint-b8e91cf056a2850aa06d,0.2088464317379115,0.23472874762101864,1.7981214463292174,0.0,4.990881041777584e-08
M1,291302,joint-1f313d8436034e3c8a2f,0.42044838176484184,0.26977410077749686,1.2139270735439494,0.0,5.927072166400649e-09
M1,291302,joint-86283058a19cd7794f47,0.4357819930671318,0.545946556868223,1.4458440106252624,2.384185791015625e-07,4.606447490118626e-08
M1,291302,joint-a5ed81533299a3f553ae,0.8311810802652871,0.7360489694891098,1.4773706559580098,0.0,4.089655869510267e-08
M1,291302,joint-1b3125f558c72b1ea5e4,0.36307604329792303,0.22225231473954649,1.52951875224028,0.0,1.8181016248064452e-08
M1,291302,joint-3dcb938aa6f788013529,0.1772450193463765,0.31828300360434897,1.122097329948695,2.384185791015625e-07,4.741657733120519e-08
M1,291302,joint-f3d0c584cd58125ec9bd,0.3152401204588929,0.5112226521719154,1.488737986958728,0.0,2.6923688167812543e-08
M1,291302,joint-a4fe2bd135f56d3a3b4d,0.784528576387491,0.7939023554620512,1.706064306831427,0.0,8.890608249600973e-09
M1,291302,joint-baf9ad5b2a0e2663433b,0.9994311314002269,0.9850269072663037,1.7494647670583785,0.0,9.841212289529722e-08
M1,291302,joint-63dd4abeb6e1325c7806,0.7615474972676266,0.8405173674317697,1.9800575530967137,2.384185791015625e-07,6.560958176748954e-08
M1,291302,joint-89a8114aac92bfca40db,0.14875541333894376,0.06957639104433291,1.9552549856537433,0.0,1.3461844083906271e-08
M1,291302,joint-fdd9add87d3e0887f0db,0.1297427104472977,0.17033425656495763,1.4735052217174092,0.0,3.556243299840389e-08
M1,291302,joint-8deb233befdaaa44244e,0.8038107053500704,0.7575261873031212,1.5317379740347894,0.0,4.3468099120147485e-08
M1,291302,joint-750a25537e1c577ecb17,0.27078329510898486,0.3244174525662914,1.8833158035128752,0.0,3.388566049977726e-08
M1,291302,joint-d20c3c92116f8fce3c1e,0.23092422815942085,0.4436569549639144,1.306509604404416,0.0,2.924434561180078e-08
M1,291302,joint-83912571774477870e69,0.3613837734121413,0.21288961582222718,1.2719956602515063,0.0,2.8075692881657233e-08
M1,291302,joint-0b091357d2bc89169b82,0.4213139380487687,0.5389313633031215,1.653151080747278,0.0,1.4037846440828616e-08
M1,291302,joint-79a2726c7c85c127d89d,0.21175267162564365,0.3548544571310757,1.5573810918338822,0.0,3.9249015593156855e-08
M1,291302,joint-ff0e8b614b34aecce4b3,0.4454506199350295,0.5955514370490252,1.378393090619495,5.960464477539063e-08,2.6291650634391317e-08
M1,291302,joint-a6e0056491e5774f3780,0.32462457274637924,0.47866780303699,1.53875008432027,2.384185791015625e-07,4.920606144764861e-08
M1,291302,joint-009541860623d2bb9f1f,0.5872986265832911,0.682896241049323,1.9923777733231178,0.0,4.7795976954034813e-08
M1,291302,joint-ffe811f4bd9985f39189,0.23202692747858308,0.32534572188808697,1.7172132058282479,3.725290298461914e-09,4.791122587555208e-08
M1,291302,joint-08c462a1ad92c4ade964,0.24230497956897182,0.12876891760974093,1.3268495451206397,0.0,1.4037846440828616e-08
M1,291302,joint-2ce56f0ea0683dcda2f5,0.2177721326078922,0.3356842447547523,1.1237382774527644,2.384185791015625e-07,4.9395171286548134e-08
M1,291302,joint-e8e45e1d9d7dc3a06a25,0.13159233139388257,0.09743197014573529,1.659852832388236,0.0,4.355731597627255e-08
M1,291302,joint-cf92d455cc3ba4b96312,1.2051210580981015,1.1647532571575618,1.6834324938275154,0.0,5.1871220957400155e-08
M1,291303,joint-2a931d7a53cb9c33974d,0.9346862686207037,1.4057871332748142,1.0733864839802059,1.4901161193847656e-08,2.933021381323897e-09
M1,291303,joint-4352a0ffd3ac22d2f5e6,0.7492422227142498,1.366134528005923,0.8924557291525171,0.0,8.106612048308648e-09
M1,291303,joint-147f59a58d0ef285e900,1.404706713977677,1.5343821045211257,0.6633163786569826,1.1920928955078125e-07,2.704890600391252e-08
M1,291303,joint-d0326bfd1d59b011ffc1,1.4489795317293126,1.4233770620659107,1.516371147229071,0.0,2.053114966926728e-08
M1,291303,joint-b0a6408213b275a6eec4,1.9284362893718574,1.9194547996795157,1.8878989295474013,2.9802322387695312e-08,7.930721190874124e-09
M1,291303,joint-f16075ae76c562b01afa,0.5847949366449382,0.5146119536588655,1.8899632267476982,7.450580596923828e-09,6.419895504095052e-09
M1,291303,joint-6c84dffefac07a85efd4,1.1136175538142368,1.3479952981227366,1.4003101558330273,5.960464477539063e-08,1.9654191441009772e-08
M1,291303,joint-530af393a720d348afb0,0.5430691348995861,0.2818556827168609,1.7243010760673319,0.0,5.7421836174853524e-09
M1,291303,joint-66b0d86cfbc4d904308f,1.4458144868446685,0.32222589909408317,1.6498139841343848,1.4551915228366852e-11,1.02852977246215e-08
M1,291303,joint-cb84ae0ab47be6c0b097,1.0695246655908408,0.8659868410991957,1.5049926930892277,0.0,3.6602594288837054e-08
M1,291303,joint-bd7b1bc3eac5c32be6ce,0.7703476799844758,0.6384772378910634,1.9319810043072574,5.960464477539063e-08,1.5528354380123233e-08
M1,291303,joint-f42e2b2aa0bcf1904b2c,0.7266786852768573,0.6826333055766033,1.8025653684062144,7.450580596923828e-09,3.728234432287536e-08
M1,291303,joint-0cc5980f554a68da719e,0.30712933786633934,0.2203198525228809,1.9059161250253995,0.0,4.1671820660837966e-08
M1,291303,joint-c71196ce6b27a5f15741,0.7916136113592246,0.9914633252429425,1.5576835110372118,0.0,2.7022040161028826e-08
M1,291303,joint-08a29e94c959b15daf6c,0.6855241399684735,0.43139280861376395,1.9230602583162992,5.960464477539063e-08,1.8770316412286547e-08
M1,291303,joint-009344968abd7434a0a8,0.9445756853064032,1.263745848905459,1.2468043745785427,5.960464477539063e-08,2.174467139681724e-08
M1,291303,joint-0d9b039cb21daac03d2a,0.8124450637857563,0.5617196667153886,1.8647516499187058,0.0,2.7022040161028826e-08
M1,291303,joint-96bbd61ef63ebf358d5e,1.432460945290645,0.32221394546774285,1.6382333072129271,0.0,1.1953912026907432e-08
M1,291303,joint-71226efdc82c7b8eb4e1,0.796404730982329,0.7780386767971876,1.6207756944243386,0.0,4.026071642737605e-09
M1,291303,joint-2b6a5ce6c26b3991652e,1.1027503614270782,0.914584091388999,1.305492341088332,0.0,1.991448417282271e-08
M1,291303,joint-c45a492c6ab0e2e5bfbe,0.6989564784285389,0.6193193019881086,1.8587829746499043,0.0,1.7226550630411452e-08
M1,291303,joint-b2b2ebaf8b3253aafde3,0.8274375504069558,1.2350059776411795,0.8422463312644513,0.0,8.673617379884035e-19
M1,291303,joint-58d5f239e12552c3626e,1.5661396978037503,1.3875653505903482,1.7859292459363563,1.4901161193847656e-08,1.4110960733226818e-08
M1,291303,joint-fc2b76f0772372bf8c3c,0.5988142735782767,0.8787232423880753,1.3666921531566756,0.0,5.404408032205765e-09
M1,291303,joint-fe2aefddb9b7745686ad,1.369446960416886,1.2799548959004001,1.7328682807948823,2.9802322387695312e-08,9.934352285245751e-09
M1,291303,joint-8b6ff975d45da97a4933,1.1534110341175525,1.3850404231161915,1.4366215913922682,7.450580596923828e-09,4.983601198382814e-09
M1,291303,joint-175e17d0ef9573bac40e,1.040164666619724,0.3412916416959402,1.5355735808262498,0.0,1.1049440917787479e-08
M1,291303,joint-a3d06b9cb0966439eddd,0.5523140592837499,0.5082039081996602,1.9079773868921173,0.0,2.7022040161028826e-08
M1,291303,joint-04c90cd2b55e51d7395c,0.7375313021759766,1.0300384164620242,1.3813147916855857,1.1920928955078125e-07,3.566455575310101e-08
M1,291303,joint-03d19206c4766692b70a,1.4094530336794044,0.31678699027385493,1.6119105457110876,0.0,1.0974225694848627e-08
M1,291303,joint-f3533a47857412ee6574,0.8058399581474668,0.9940922406043138,1.5818086912016587,0.0,3.6648641899006407e-08
M1,291303,joint-19e423cc276169fd1073,0.6621371127733304,0.5785520657881122,1.7363574180859107,7.450580596923828e-09,4.066009950953742e-08
M1,291303,joint-ff96f3eeddc533681410,0.9647788288864272,0.8312442935030043,1.9203140078127787,0.0,1.4665106906619485e-09
M1,291303,joint-c4e21270ec4d0d7be262,1.1218081677517353,0.8530727343251729,1.538499573356188,0.0,2.5282862470277223e-08
M1,291303,joint-f3c2aa3445150de38445,0.6548900446703423,0.8176898235128389,1.6135563666822699,1.4901161193847656e-08,3.338535592423142e-08
M1,291303,joint-9b1bd063fe31242ee1d4,1.9289134440970455,1.9194801045756762,1.870013134079298,2.9802322387695312e-08,9.057083361074802e-09
M1,291303,joint-dc07119105a4b0f17fef,1.4175969317746233,1.4367231178661632,1.3447452958814068,0.0,3.1722884763496495e-08
M1,291303,joint-e62d176dd1f3b78034aa,0.7651276580368581,0.5102353634087741,1.8144222056845591,0.0,1.1102230246251565e-16
M1,291303,joint-7fb044ff7f38057c2332,0.6363299994961598,0.8061019151165197,1.5861366025506511,1.4901161193847656e-08,6.1370843962293975e-09
M1,291303,joint-86e6ae730070eee6983b,1.7158784063131307,1.4225319707248603,1.6695612487034992,5.960464477539063e-08,1.0808816043594849e-08
M1,291303,joint-9a206f19112cd83d8451,0.8769388055095872,1.221067904222013,1.2032098020263635,5.960464477539063e-08,2.444687541292012e-08
M1,291303,joint-d9be6f5c2e8106f0264a,0.6281032533349803,1.3593503483896818,0.8782106516796604,2.9802322387695312e-08,6.7555100402572066e-09
M1,291303,joint-6f8a92fc80c9c4920afe,1.4144186100748344,1.217744435843297,1.5145773078926386,2.9802322387695312e-08,9.45771406676843e-09
M1,291303,joint-2a31fc646bfd539046d7,0.6385148426130872,0.558340527926574,1.8758472877096593,1.4901161193847656e-08,1.646730263260565e-08
M1,291303,joint-e8ed568644109d3c68dd,0.5130568600161081,0.24413678877514305,1.745565289384699,0.0,1.1102230246251565e-16
M1,291303,joint-310c46903e1f1c1d5a60,1.4346101517894052,0.3195364616669529,1.639550995340037,0.0,1.4546756577082931e-08
M1,291303,joint-1285f64b5ffdc41a435d,0.49543614310731326,0.7207870889552916,1.428875473239072,0.0,1.1732085525295588e-08
M1,291303,joint-70524fe1e7c2518c400a,0.718652385776956,1.3789400965994254,0.9839180358580137,1.4901161193847656e-08,6.1370843962293975e-09
M1,291303,joint-41ae71c0e6c6d51506eb,0.8823112303780651,0.6586095346242149,1.9265875107426358,0.0,1.7598128287943382e-08
M1,291303,joint-f2a415df92c5dbd9c22b,0.19243382192098865,0.20454566104343114,1.7452968075291544,0.0,3.647975432841122e-08
M1,291303,joint-05f0f9643ecc833a54a1,1.1590938640446693,1.3712011217580835,1.4465217309750475,5.960464477539063e-08,1.9042467380714356e-08
M1,291303,joint-6731d5008cdff8444b8a,1.3256037769586653,1.276762033335768,1.567361395924267,0.0,4.755894511543346e-08
M1,291303,joint-cd5d57fb2d2fc404ed88,0.9577643555401789,1.6239631800560952,0.7957759955534984,0.0,2.7022040299806704e-09
M1,291303,joint-c73f7954cc710bf9d63c,1.6418607346936052,1.1882983335556627,1.824508782989347,5.960464477539063e-08,3.153336791683614e-08
M1,291303,joint-8c80649d97868318c9fe,1.5200689388268522,1.3126965595930504,1.6468754563801036,0.0,1.0408340855860843e-17
M1,291303,joint-e8ffd69e58705acdb563,0.30122837963430776,0.230090844960415,1.941808705075077,0.0,4.779652007513846e-08
M1,291303,joint-2474a6ed6bbe4f7e1b97,0.7812859333478616,0.8058837143652257,1.69110312551379,0.0,2.98931319697715e-08
M1,291303,joint-1b6c644185589ebc48c8,0.5349234960569382,0.9401738367066921,1.2117379213231043,0.0,1.8915428084964603e-08
M1,291303,joint-efe7c8a0a11bb35094e0,0.8112036702443978,0.6155833826763765,0.8987839170100443,0.0,1.3877787807814457e-17
M1,291303,joint-9ea456682d298ae62b43,0.39090976647783704,0.29297965942066106,1.9661779822153909,0.0,1.3890606886945989e-08
M1,291303,joint-7d924a87e8568d82b71b,0.7136287166292351,0.8716091334190779,1.6229128001467852,1.4901161193847656e-08,2.4911690266193887e-08
M1,291303,joint-f012efad790d4bcb5275,0.8628344231810274,0.9885577887111102,1.5264325136799608,0.0,5.897702035073671e-09
M1,291303,joint-99a2122f162a74088f58,1.4674830658428872,1.4332513682135464,1.5305634227627258,0.0,8.447119670407233e-09
M1,291303,joint-ce884c4d333127e8b6dc,1.0438665198015604,0.3616255396286035,1.340298232502744,0.0,1.2341411448346662e-08
M1,291303,joint-50af49320c1511a0d6c6,0.5787245024311988,0.5499479842145936,1.918686234222328,0.0,1.891542811272018e-08
M1,291303,joint-4664e26abb95085a572a,0.7807392528897499,0.7870351139491037,1.9500401148801907,0.0,6.73645415005808e-08
M1,291303,joint-79aa8ba0c5489ddf2497,0.5599617133239398,0.5279859740155226,1.9809458887317433,0.0,5.404408032205765e-09
M1,291303,joint-d987f2e8f59153959f0b,0.8420837853252705,1.2838103588598595,0.922735452317046,0.0,3.941670989604518e-09
M1,291303,joint-cb8130fb1c35fd8e7b18,1.3623119028468413,1.346686648020302,1.5785202417683823,0.0,1.4304349260640947e-08
M1,291303,joint-d18a1d26ca0c2d035ee3,1.8125587297368124,1.6513236047366464,1.894260613844937,0.0,5.74218350646305e-09
M1,291303,joint-da2f34f1c087e97b1afb,1.4166984350470584,0.33044412917884053,1.6180326307362816,0.0,4.317125046338077e-09
M1,291303,joint-d61e8bcf8b85f15c898a,0.6062515570544422,0.8429772188042924,1.4608342470529057,0.0,3.715530527692579e-08
M1,291303,joint-4de8fb543630717fe750,0.7961484079228671,0.6148042599016473,1.8514106099368906,0.0,1.2497693546720257e-08
M1,291303,joint-dc3cf8ce3539277e0726,0.7378688633196273,0.5349185011359774,1.9355166633721623,0.0,3.378847868162893e-08
M1,291303,joint-afc74f4446a723051311,0.7856046807211421,0.8491694645325548,1.8584909779943324,1.4901161193847656e-08,8.915840621348536e-09
M1,291303,joint-b8e91cf056a2850aa06d,0.5625052415066786,0.47874411622487506,1.8836082647401564,3.725290298461914e-09,5.27564980590256e-08
M1,291303,joint-1f313d8436034e3c8a2f,1.3774427539403318,0.3106165051268672,1.5147795173361833,0.0,1.4781266211016941e-09
M1,291303,joint-86283058a19cd7794f47,1.7206671727640628,1.6578687058410149,1.859071431131518,5.960464477539063e-08,1.7224231652068767e-08
M1,291303,joint-a5ed81533299a3f553ae,0.7658942383809216,0.5796030363192577,1.8364689886551249,0.0,3.783085622544036e-08
M1,291303,joint-1b3125f558c72b1ea5e4,1.3922330843103632,1.059161414495919,1.537757130253169,4.656612873077393e-10,4.728857028180045e-09
M1,291303,joint-3dcb938aa6f788013529,0.6173330553500054,0.734551713063589,1.7407834905587714,0.0,5.866042762647794e-09
M1,291303,joint-f3d0c584cd58125ec9bd,0.6613832648068684,0.8926496006698202,1.5607580933535312,5.960464477539063e-08,4.354789773231005e-08
M1,291303,joint-a4fe2bd135f56d3a3b4d,0.7635425979456885,0.6966688368280715,1.9246709368550359,0.0,3.673022863637243e-08
M1,291303,joint-baf9ad5b2a0e2663433b,0.6731854009798698,0.7498234140860687,1.7166739516128147,5.960464477539063e-08,2.1399327643223387e-08
M1,291303,joint-63dd4abeb6e1325c7806,1.0166992380713178,0.3317346272280058,1.5018508740417296,0.0,2.449433178508542e-08
M1,291303,joint-89a8114aac92bfca40db,0.4356230398497163,0.35017008833955987,1.87303022657517,0.0,2.47775813200235e-08
M1,291303,joint-fdd9add87d3e0887f0db,1.44286500322337,1.4125690976953007,1.336785472011392,0.0,2.2472810279339228e-08
M1,291303,joint-8deb233befdaaa44244e,0.5994613467512221,0.4612280566987885,1.9462963700439115,0.0,3.228666245469469e-08
M1,291303,joint-750a25537e1c577ecb17,0.38574395628421465,0.3482032238452156,1.9632130438454853,0.0,4.407744258472235e-08
M1,291303,joint-d20c3c92116f8fce3c1e,0.7195466930879079,0.8640339683184195,1.6688643045186107,0.0,3.5196256575886764e-08
M1,291303,joint-83912571774477870e69,1.944584729083406,1.912180018642626,1.9318068822707284,0.0,1.215158806910921e-08
M1,291303,joint-0b091357d2bc89169b82,1.2960968792459397,1.3238876997089337,1.4799017023915428,0.0,1.3326829195747791e-08
M1,291303,joint-79a2726c7c85c127d89d,0.773743477900396,0.836920106409399,1.8407942542895281,0.0,7.883341979209035e-09
M1,291303,joint-ff0e8b614b34aecce4b3,0.6043735796208692,0.5589459397002252,1.849753960536718,0.0,1.2835469131999844e-08
M1,291303,joint-a6e0056491e5774f3780,0.5937390222244251,0.6642448494040304,1.7926813496435614,0.0,1.0974225750359778e-08
M1,291303,joint-009541860623d2bb9f1f,0.9952853352974133,0.854875188300051,1.4859527260023717,0.0,1.763918922037533e-08
M1,291303,joint-ffe811f4bd9985f39189,1.3995842797998264,1.3720407071603025,1.3952269757357458,0.0,5.038931416567749e-08
M1,291303,joint-08c462a1ad92c4ade964,1.9440371302668213,1.9155505882338066,1.9283744390896906,0.0,1.4146698368300292e-08
M1,291303,joint-2ce56f0ea0683dcda2f5,0.6565180534896861,0.7922268101034822,1.7210778950395456,0.0,2.536477072823118e-08
M1,291303,joint-e8e45e1d9d7dc3a06a25,1.0137603455601787,0.33041311419805575,1.3835732517105885,0.0,1.4922210689327642e-08
M1,291303,joint-cf92d455cc3ba4b96312,1.5589837778049374,1.5622697232480927,1.4074079394401386,0.0,1.2191677889461516e-08
M2,291501,joint-2a931d7a53cb9c33974d,1.0110852095710925,1.0085550481484153,1.8073332643175235,0.0,7.628298992479188e-09
M2,291501,joint-4352a0ffd3ac22d2f5e6,1.0880991505665545,1.0138259111598409,1.3835846662180027,0.0,3.847017704394773e-10
M2,291501,joint-147f59a58d0ef285e900,0.892488447415864,0.8950365910979745,1.9362096846412622,0.0,1.0827263086099492e-08
M2,291501,joint-d0326bfd1d59b011ffc1,0.7050885175160253,0.5496240064233371,1.7746224685701413,5.960464477539063e-08,3.201695775167934e-08
M2,291501,joint-b0a6408213b275a6eec4,0.7695444760184997,0.23726739905450234,1.4863446763701416,0.0,1.7465747514933128e-08
M2,291501,joint-f16075ae76c562b01afa,1.264057201574081,1.3457347626561984,1.5002358332389019,0.0,2.4140320853405228e-08
M2,291501,joint-6c84dffefac07a85efd4,0.8588187923677694,0.9685289902952829,1.3558880834659792,0.0,1.2310456654063273e-08
M2,291501,joint-530af393a720d348afb0,0.7762519260459708,0.41439504269204763,1.9586542181546087,0.0,3.0776141635158183e-09
M2,291501,joint-66b0d86cfbc4d904308f,0.9686942592344846,0.5442830848335894,1.5968147023530261,0.0,2.183218439366641e-09
M2,291501,joint-cb84ae0ab47be6c0b097,0.7864780710893969,0.607319427668434,1.7172180875669278,0.0,1.788558012805197e-08
M2,291501,joint-bd7b1bc3eac5c32be6ce,0.5206834249446902,0.4954831500961031,1.8640613085227284,0.0,1.85274553476944e-08
M2,291501,joint-f42e2b2aa0bcf1904b2c,1.2621803639710458,1.344574810137962,1.4075879122518988,0.0,2.4140320853405228e-08
M2,291501,joint-0cc5980f554a68da719e,0.198491205471826,0.1515748982195717,1.824323134998004,0.0,4.7951068671281405e-08
M2,291501,joint-c71196ce6b27a5f15741,0.7196960612532456,0.9876868223418488,1.441844944215025,0.0,4.6164212452737274e-08
M2,291501,joint-08a29e94c959b15daf6c,0.3862671073547498,0.382319332317082,1.817430044915593,0.0,1.5439546308115837e-08
M2,291501,joint-009344968abd7434a0a8,0.8857763932545777,1.0163492046343305,1.3735927259999383,0.0,6.1552283270316366e-09
M2,291501,joint-0d9b039cb21daac03d2a,0.6962446292701822,0.3041625459834189,1.920016901253725,7.450580596923828e-09,3.255524494427675e-08
M2,291501,joint-96bbd61ef63ebf358d5e,0.8863600448073243,0.5368536596448146,1.5608651722308928,0.0,7.874373153526903e-09
M2,291501,joint-71226efdc82c7b8eb4e1,1.898376881045438,1.9374927724220765,1.7016781947473354,0.0,5.551115123125783e-17
M2,291501,joint-2b6a5ce6c26b3991652e,0.6953975056579247,0.7798348947237439,1.5059588546629241,0.0,1.1603963234740888e-08
M2,291501,joint-c45a492c6ab0e2e5bfbe,1.9496088913108314,1.8817529351180844,1.6516771356738895,1.1920928955078125e-07,2.414032096442753e-08
M2,291501,joint-b2b2ebaf8b3253aafde3,1.541556180898865,1.64061629593855,1.604732222548661,0.0,1.0064324706959837e-08
M2,291501,joint-58d5f239e12552c3626e,1.5570386807012702,1.5276491219587833,1.8582756371249292,0.0,1.2879976640789437e-08
M2,291501,joint-fc2b76f0772372bf8c3c,0.2798852321167861,0.4527585773976059,1.1103844551699658,0.0,1.2310456654063273e-08
M2,291501,joint-fe2aefddb9b7745686ad,1.2896081542109143,1.2536907176971674,1.7468393332197385,0.0,1.3877787807814457e-17
M2,291501,joint-8b6ff975d45da97a4933,0.872201669225217,0.9624002370155115,1.358339510637496,0.0,1.2310456654063273e-08
M2,291501,joint-175e17d0ef9573bac40e,0.673576358557369,0.5432444041110616,1.6803379140816546,2.9802322387695312e-08,1.2879976640789437e-08
M2,291501,joint-a3d06b9cb0966439eddd,1.1090329431115085,1.1687708565305184,1.7275221261024418,0.0,4.3567190743942774e-08
M2,291501,joint-04c90cd2b55e51d7395c,1.171449057833112,1.2761220097394352,1.6269562906826973,0.0,1.788558012805197e-08
M2,291501,joint-03d19206c4766692b70a,0.8109675422314542,0.5443664825349165,1.502930058466341,0.0,7.874373153526903e-09
M2,291501,joint-f3533a47857412ee6574,0.765801633670016,1.0380489706332212,1.4536445324489116,0.0,8.078737234740174e-09
M2,291501,joint-19e423cc276169fd1073,1.2203723990064388,1.1457912909940462,1.8583895121985192,0.0,3.0680251006387493e-08
M2,291501,joint-ff96f3eeddc533681410,0.9402951692305151,1.0494034362669757,1.7784761515460743,0.0,1.7465747514933128e-08
M2,291501,joint-c4e21270ec4d0d7be262,0.8270895774640685,0.6102329369940228,1.7540869850448473,0.0,8.732873757466564e-09
M2,291501,joint-f3c2aa3445150de38445,0.8937156068468607,1.0912488113145395,1.600466956135557,0.0,3.250672997445747e-08
M2,291501,joint-9b1bd063fe31242ee1d4,0.6049221156806586,0.24570423854453236,1.408703747697046,0.0,2.0388381927194388e-08
M2,291501,joint-dc07119105a4b0f17fef,0.578472753226277,0.6550912059610858,1.5574944450284736,0.0,2.9109579191555213e-08
M2,291501,joint-e62d176dd1f3b78034aa,0.7931277502124626,0.3757233621994031,1.9278717537509937,7.450580596923828e-09,2.4380617080765887e-08
M2,291501,joint-7fb044ff7f38057c2332,0.8575654515859988,1.0561640366707217,1.589291923869105,0.0,2.3245994240639334e-08
M2,291501,joint-86e6ae730070eee6983b,0.9899855621052367,1.2733942326777334,1.404121927762629,0.0,3.0776141635158183e-09
M2,291501,joint-9a206f19112cd83d8451,0.96072622963284,1.0902357883574259,1.4105849654912013,0.0,5.551115123125783e-17
M2,291501,joint-d9be6f5c2e8106f0264a,1.132325000186245,0.9628997425929586,1.4246774556181168,0.0,3.0776141635158183e-09
M2,291501,joint-6f8a92fc80c9c4920afe,1.9340764902931875,1.9221138639092694,1.6367571014744624,0.0,1.3877787807814457e-17
M2,291501,joint-2a31fc646bfd539046d7,1.446248957431375,1.4242074667634768,1.9475211523571714,0.0,4.7173912109954586e-08
M2,291501,joint-e8ed568644109d3c68dd,0.8308208694560731,0.3496890164636251,1.888364405608236,6.51925802230835e-09,3.6721110818760394e-08
M2,291501,joint-310c46903e1f1c1d5a60,0.920317921464046,0.5318155736218317,1.563543569999801,0.0,7.874373153526903e-09
M2,291501,joint-1285f64b5ffdc41a435d,0.5816771248086916,0.5255989735412357,1.923881109966852,0.0,2.1044642251055734e-08
M2,291501,joint-70524fe1e7c2518c400a,0.752195669443241,1.4650393761063032,0.8547918903500821,0.0,2.7755575615628914e-17
M2,291501,joint-41ae71c0e6c6d51506eb,0.46900603777440986,0.5151562107054507,1.8294899609289172,0.0,3.937186576763452e-09
M2,291501,joint-f2a415df92c5dbd9c22b,0.5757668051819537,0.31307979011780707,1.9253914851153824,2.9802322387695312e-08,2.368641238703617e-08
M2,291501,joint-05f0f9643ecc833a54a1,0.8287541087822455,0.9972797935144757,1.3104243414133163,0.0,6.1552283270316366e-09
M2,291501,joint-6731d5008cdff8444b8a,0.6971259035997266,0.5892897781740623,1.828914565127873,0.0,2.9035230109109023e-08
M2,291501,joint-cd5d57fb2d2fc404ed88,0.8023291763090502,1.4808894412267635,0.9285932933257297,2.9802322387695312e-08,6.1552283270316366e-09
M2,291501,joint-c73f7954cc710bf9d63c,1.1368771461014517,1.1053250250838436,1.8491885643458492,0.0,5.097095467920809e-09
M2,291501,joint-8c80649d97868318c9fe,1.922468457549151,1.5069374864563145,1.7897951562366583,0.0,6.1552283270316366e-09
M2,291501,joint-e8ffd69e58705acdb563,0.4504319242233919,0.46496057551456554,1.8591179498993111,0.0,1.5748746307053807e-08
M2,291501,joint-2474a6ed6bbe4f7e1b97,0.8671390284062894,0.7332970226140292,1.333973770901046,0.0,2.4380617080765887e-08
M2,291501,joint-1b6c644185589ebc48c8,0.8718185641129622,0.8627488623038356,1.267789519147637,5.960464477539063e-08,1.2310456654063273e-08
M2,291501,joint-efe7c8a0a11bb35094e0,1.9827539603345585,1.9997390749240511,1.8075416670266091,0.0,2.4083944283326275e-08
M2,291501,joint-9ea456682d298ae62b43,0.4038377065249722,0.3882124945764575,1.7231165654341993,0.0,3.8273961999735207e-08
M2,291501,joint-7d924a87e8568d82b71b,0.8538023111867326,1.069026908017442,1.5623269267811841,0.0,9.232842490547455e-09
M2,291501,joint-f012efad790d4bcb5275,1.2334487640592782,1.4335452702069258,1.637015721406909,0.0,6.1552283270316366e-09
M2,291501,joint-99a2122f162a74088f58,0.6942019414183432,0.5339347696572508,1.783051867250732,0.0,2.1832184282644107e-08
M2,291501,joint-ce884c4d333127e8b6dc,0.7003407857108478,0.8109057868175752,1.475150432154393,0.0,1.567975838057123e-08
M2,291501,joint-50af49320c1511a0d6c6,1.0947988780413953,1.1830103057817283,1.6220207210558235,4.656612873077393e-10,4.366422046153673e-08
M2,291501,joint-4664e26abb95085a572a,0.9433483156768215,0.8077598830757903,1.7439036180239798,0.0,6.938893903907228e-18
M2,291501,joint-79aa8ba0c5489ddf2497,1.056094820640109,1.1341431698844064,1.4837383370120658,0.0,5.551115123125783e-17
M2,291501,joint-d987f2e8f59153959f0b,1.541957219947551,1.6783241226183316,1.5509455648402843,0.0,4.6819622068206e-09
M2,291501,joint-cb8130fb1c35fd8e7b18,0.6355514417761567,0.5767455304045316,1.848047423608461,0.0,3.34361476284073e-08
M2,291501,joint-d18a1d26ca0c2d035ee3,1.859894215733277,1.9057023022693786,1.860674639139606,0.0,1.0836058716989783e-09
M2,291501,joint-da2f34f1c087e97b1afb,0.8746696057743983,0.5578957969241475,1.5426786331805504,0.0,1.3877787807814457e-17
M2,291501,joint-d61e8bcf8b85f15c898a,0.6193784698992806,0.9306776490009518,1.3303732897665088,0.0,4.000898412570564e-08
M2,291501,joint-4de8fb543630717fe750,0.60873543288503,0.39528078588835247,1.9516584748236436,2.9802322387695312e-08,2.398895243560517e-08
M2,291501,joint-dc3cf8ce3539277e0726,0.5185421414746209,0.5486666876382095,1.8591337512085684,0.0,4.216902138587386e-08
M2,291501,joint-afc74f4446a723051311,0.204024348111453,0.19645444855925684,1.937036308477044,0.0,1.888135803262969e-08
M2,291501,joint-b8e91cf056a2850aa06d,1.0690668223424789,1.0291236058472892,1.8881016530877273,0.0,6.227374149680998e-08
M2,291501,joint-1f313d8436034e3c8a2f,0.7544106064356161,0.6782113543154512,1.2215170200123922,0.0,8.420467878522686e-09
M2,291501,joint-86283058a19cd7794f47,1.7511525365673635,1.8707586701874928,1.783622491745792,9.313225746154785e-10,6.1552283270316366e-09
M2,291501,joint-a5ed81533299a3f553ae,0.7758291117783925,0.4792438641676092,1.9388011151508753,2.9802322387695312e-08,4.2125413601823425e-08
M2,291501,joint-1b3125f558c72b1ea5e4,1.9284814779830144,1.5974908058541406,1.7024691826552958,0.0,2.7755575615628914e-17
M2,291501,joint-3dcb938aa6f788013529,0.4643431829491378,0.1258820381923214,1.2766750269869815,0.0,5.8219158383110425e-09
M2,291501,joint-f3d0c584cd58125ec9bd,0.36421355499060554,0.4610051428948867,1.5220667624594646,5.960464477539063e-08,2.5759953281578873e-08
M2,291501,joint-a4fe2bd135f56d3a3b4d,0.2987368125272681,0.30313136276425406,1.9355769322771916,0.0,3.325919628593965e-08
M2,291501,joint-baf9ad5b2a0e2663433b,0.32267746950875853,0.3187401962514728,1.8671410723700343,0.0,1.7775260305330498e-08
M2,291501,joint-63dd4abeb6e1325c7806,0.6576637076475359,0.5498027805349085,1.6445923019404163,0.0,6.5297210971593245e-09
M2,291501,joint-89a8114aac92bfca40db,0.4323304794258061,0.42470767573408913,1.7896264055884592,0.0,4.429243727344101e-08
M2,291501,joint-fdd9add87d3e0887f0db,0.6144338899495013,0.6255770540230708,1.3363173514062188,0.0,9.907899389816066e-09
M2,291501,joint-8deb233befdaaa44244e,0.5935275483303218,0.6188870511838063,1.905686725318674,0.0,3.414395299827788e-08
M2,291501,joint-750a25537e1c577ecb17,0.45840062487195155,0.4351694137906731,1.7757739277119988,0.0,1.567975838057123e-08
M2,291501,joint-d20c3c92116f8fce3c1e,0.39521969615690944,0.22412517899622728,1.7632455612181828,2.384185791015625e-07,4.657532670648834e-08
M2,291501,joint-83912571774477870e69,0.6199758262624322,0.4887123552539994,1.4001491952120575,0.0,1.7259879692144153e-08
M2,291501,joint-0b091357d2bc89169b82,1.5912948664641244,1.6408186419256012,1.7306592636824114,0.0,2.7755575615628914e-17
M2,291501,joint-79a2726c7c85c127d89d,0.11045797589702191,0.12261371265986816,1.800895318939805,0.0,1.3059442194318649e-08
M2,291501,joint-ff0e8b614b34aecce4b3,1.1733084081554002,1.2132026580214297,1.7291622703204304,0.0,3.741196241691114e-08
M2,291501,joint-a6e0056491e5774f3780,1.242796884509398,1.2620870900079224,1.5928548905843951,2.9802322387695312e-08,2.075434979431634e-08
M2,291501,joint-009541860623d2bb9f1f,0.6575784609335728,0.6074379892723494,1.6974667043285463,5.960464477539063e-08,1.968593288381726e-08
M2,291501,joint-ffe811f4bd9985f39189,0.6606890199857696,0.6933369509652011,1.6396275953946966,0.0,3.194080022694834e-08
M2,291501,joint-08c462a1ad92c4ade964,0.6388781820517625,0.5214727034078741,1.4936108275015132,0.0,2.037670543408865e-08
M2,291501,joint-2ce56f0ea0683dcda2f5,0.4120823853532966,0.32057689154198726,1.4269434390656297,0.0,3.183397367934049e-08
M2,291501,joint-e8e45e1d9d7dc3a06a25,0.7184513582397861,0.7375090847951,1.5480904401967248,0.0,7.839879190285615e-09
M2,291501,joint-cf92d455cc3ba4b96312,1.3154501576179816,1.229465141857722,1.8988433093233559,0.0,1.2430604739988027e-08
M2,291502,joint-2a931d7a53cb9c33974d,0.3822544146884387,0.28309192650271636,1.9806383070347957,0.0,1.9494898140237638e-08
M2,291502,joint-4352a0ffd3ac22d2f5e6,0.37733532914629153,0.30707584707772606,1.836467589482431,0.0,2.683397992697678e-08
M2,291502,joint-147f59a58d0ef285e900,0.2988995799145597,0.2545788986781641,1.9785682600262622,0.0,2.1150161177985183e-08
M2,291502,joint-d0326bfd1d59b011ffc1,0.29194773768853294,0.23836845732077908,1.7047914040916974,0.0,1.9629386338593235e-08
M2,291502,joint-b0a6408213b275a6eec4,0.3325360310190661,0.27140272841234087,1.9827770291137394,1.1920928955078125e-07,5.122013990721541e-08
M2,291502,joint-f16075ae76c562b01afa,0.38023552207705197,0.43204824054489416,1.7131978231233786,2.384185791015625e-07,5.349685494593359e-08
M2,291502,joint-6c84dffefac07a85efd4,0.23913483676659328,0.21234805254904357,1.9074796878207891,0.0,2.8328180246006696e-08
M2,291502,joint-530af393a720d348afb0,0.12357919934976937,0.22041607031242308,1.9500542923348545,0.0,1.8618491193223008e-08
M2,291502,joint-66b0d86cfbc4d904308f,0.35265152688249984,0.27990807497518805,1.9533351934504075,0.0,9.643995158015173e-09
M2,291502,joint-cb84ae0ab47be6c0b097,0.3756440254149704,0.31745009088634457,1.9880419657299109,0.0,1.70690306333654e-09
M2,291502,joint-bd7b1bc3eac5c32be6ce,0.732678783906452,0.6008893770395349,1.774981110594197,0.0,2.0482838203328413e-08
M2,291502,joint-f42e2b2aa0bcf1904b2c,0.5197850473686219,0.5675755583989524,1.788729065458979,0.0,4.951633325589455e-08
M2,291502,joint-0cc5980f554a68da719e,0.8022452234565514,0.6691770700680525,1.9002347148858505,3.725290298461914e-09,1.2011229566510906e-08
M2,291502,joint-c71196ce6b27a5f15741,0.1279902538074252,0.07302870736281494,1.6183014686508919,1.1920928955078125e-07,2.67484275839891e-08
M2,291502,joint-08a29e94c959b15daf6c,0.3388947492949955,0.2262428111045887,1.632207010327776,0.0,2.7562080839871328e-08
M2,291502,joint-009344968abd7434a0a8,0.2711720515845183,0.2396605210632436,1.9123091278569155,0.0,3.148030058852669e-08
M2,291502,joint-0d9b039cb21daac03d2a,0.14759567795417988,0.21140895753760078,1.9243917901576773,0.0,2.3456452905024072e-08
M2,291502,joint-96bbd61ef63ebf358d5e,0.3485795647151878,0.29075964905280177,1.9285345490886554,0.0,9.747449070118819e-09
M2,291502,joint-71226efdc82c7b8eb4e1,1.092243789166557,1.0436773581755867,1.8278130371687424,0.0,4.3693263007682503e-08
M2,291502,joint-2b6a5ce6c26b3991652e,0.4184730026498388,0.46165744492704447,1.860130119811127,0.0,3.4116071745415866e-08
M2,291502,joint-c45a492c6ab0e2e5bfbe,1.466231480018996,1.4457490588947737,1.6850502677906127,0.0,2.1405186401146636e-08
M2,291502,joint-b2b2ebaf8b3253aafde3,1.0144628908778357,0.9767709863171603,1.629249464662537,0.0,3.8989796280475275e-08
M2,291502,joint-58d5f239e12552c3626e,1.3558686293871187,1.3711320342079967,1.7926885219641184,0.0,1.9598352052341284e-08
M2,291502,joint-fc2b76f0772372bf8c3c,0.3883560874433422,0.40441526710944725,1.8370428969680515,0.0,1.6629572052728747e-08
M2,291502,joint-fe2aefddb9b7745686ad,0.4838608559476683,0.35932719340835695,1.9627158529977455,0.0,2.3456452891146284e-08
M2,291502,joint-8b6ff975d45da97a4933,0.22628015425123513,0.20222628689838273,1.8978225268446507,0.0,6.894754485745058e-08
M2,291502,joint-175e17d0ef9573bac40e,0.2784457760198942,0.25270813778850765,1.9561725644907293,0.0,4.8944153174801386e-08
M2,291502,joint-a3d06b9cb0966439eddd,0.1281399470317534,0.11736939953186598,1.8098710176623132,0.0,3.041677199000503e-08
M2,291502,joint-04c90cd2b55e51d7395c,0.5344779700817537,0.5103219979747042,1.669331831819764,0.0,6.864595913924632e-08
M2,291502,joint-03d19206c4766692b70a,0.3543646922946551,0.3054841629725467,1.9162739970528546,0.0,3.4116071745415866e-08
M2,291502,joint-f3533a47857412ee6574,0.11732508894387932,0.07429047310839132,1.6444208125780804,1.1920928955078125e-07,3.809950932520678e-08
M2,291502,joint-19e423cc276169fd1073,0.23594613093621603,0.14810544545532126,1.806423730029798,5.960464477539063e-08,4.307757972554782e-08
M2,291502,joint-ff96f3eeddc533681410,0.24428151914340984,0.2558379991981768,1.780264908320076,0.0,5.4438601404527276e-08
M2,291502,joint-c4e21270ec4d0d7be262,0.3703220946978,0.31128470849361184,1.9843944186090208,0.0,4.9978692739927055e-08
M2,291502,joint-f3c2aa3445150de38445,0.19618886096818347,0.15811001803826855,1.8003386172621574,2.3283064365386963e-10,2.683397992697678e-08
M2,291502,joint-9b1bd063fe31242ee1d4,0.30494360244709817,0.2703869224163534,1.9374063311968528,0.0,3.1426269364587256e-08
M2,291502,joint-dc07119105a4b0f17fef,0.3595408130878186,0.4302561805125026,1.7776289434982862,0.0,2.731045078974148e-08
M2,291502,joint-e62d176dd1f3b78034aa,0.14885274992614192,0.19829244872668605,1.9136764591746134,0.0,1.2495066092910179e-08
M2,291502,joint-7fb044ff7f38057c2332,0.20205380679849053,0.1599939580512406,1.7983066714431801,0.0,3.0848035459385414e-08
M2,291502,joint-86e6ae730070eee6983b,0.6388210280747918,0.6046873875488505,1.5319208300068534,0.0,1.4773056111749838e-08
M2,291502,joint-9a206f19112cd83d8451,0.2640379331787597,0.21830199701514172,1.9019821106793602,0.0,4.491971970776998e-08
M2,291502,joint-d9be6f5c2e8106f0264a,0.39269099093809384,0.324081730488625,1.8492422056015367,1.1920928955078125e-07,2.450252223340499e-08
M2,291502,joint-6f8a92fc80c9c4920afe,0.838456828672018,0.9075165161261765,1.6614943792219077,5.960464477539063e-08,1.2592120290921827e-08
M2,291502,joint-2a31fc646bfd539046d7,0.4076414621679139,0.36689669616147225,1.9346207182244524,0.0,7.647010802358523e-09
M2,291502,joint-e8ed568644109d3c68dd,0.24301217913347187,0.248795241069797,1.82542769866679,0.0,2.676453825234404e-08
M2,291502,joint-310c46903e1f1c1d5a60,0.34358339751036665,0.2759066010913055,1.9472123992059478,1.1920928955078125e-07,3.919670410468257e-08
M2,291502,joint-1285f64b5ffdc41a435d,0.5830440846529216,0.6919912939695461,1.5125353150464342,0.0,1.1102230246251565e-16
M2,291502,joint-70524fe1e7c2518c400a,0.31436890102935977,0.2834374588352805,1.8815327933892907,0.0,3.760504996286329e-08
M2,291502,joint-41ae71c0e6c6d51506eb,0.7067987933714728,0.5922565931489734,1.8106124852278371,3.725290298461914e-09,1.798539084330031e-08
M2,291502,joint-f2a415df92c5dbd9c22b,0.24955502837879143,0.2839211539514998,1.9383975748287752,0.0,6.296060117705338e-09
M2,291502,joint-05f0f9643ecc833a54a1,0.21832335800296748,0.19325247310219773,1.901347664676722,0.0,5.628673701088549e-08
M2,291502,joint-6731d5008cdff8444b8a,0.4039001072369252,0.34702757954987573,1.9254930153332543,0.0,3.695004835435611e-08
M2,291502,joint-cd5d57fb2d2fc404ed88,0.2751924189926413,0.24423877973486413,1.8648748647758706,0.0,3.312143892486574e-08
M2,291502,joint-c73f7954cc710bf9d63c,0.32054572064269343,0.3580482657512437,1.7534505958291833,0.0,4.8737245350594094e-08
M2,291502,joint-8c80649d97868318c9fe,0.3531914407871765,0.368244191829363,1.8800736566765377,0.0,2.0408816192585277e-08
M2,291502,joint-e8ffd69e58705acdb563,0.44261463707792,0.40340158761561434,1.8816128906056202,1.4901161193847656e-08,3.559333672242815e-08
M2,291502,joint-2474a6ed6bbe4f7e1b97,0.39229934525486226,0.2928514671459089,1.669718169118882,0.0,1.9618105473462322e-08
M2,291502,joint-1b6c644185589ebc48c8,0.41176921337752753,0.42740970849483984,1.8840567592696928,0.0,3.96053145834685e-08
M2,291502,joint-efe7c8a0a11bb35094e0,1.643515423236647,1.6464528800669056,1.6405373297775183,1.1920928955078125e-07,6.90597750097055e-08
M2,291502,joint-9ea456682d298ae62b43,0.7619403984333118,0.6018223385925097,1.8754912944173336,2.7939677238464355e-09,4.497239070033743e-08
M2,291502,joint-7d924a87e8568d82b71b,0.19138968221700736,0.15981682658321003,1.8235838385220866,0.0,1.5208386106024818e-08
M2,291502,joint-f012efad790d4bcb5275,0.7138161557163163,0.7573279064334862,1.7698750002143515,5.960464477539063e-08,3.457571340348409e-08
M2,291502,joint-99a2122f162a74088f58,0.28693561528610817,0.23119158878095064,1.7105660427597151,0.0,2.9268983903207868e-08
M2,291502,joint-ce884c4d333127e8b6dc,0.33547905860167054,0.3776720071934123,1.8696992973942546,0.0,6.823214349083173e-08
M2,291502,joint-50af49320c1511a0d6c6,0.1375825011885509,0.137413114680709,1.7987729617416988,0.0,5.9565845589304445e-08
M2,291502,joint-4664e26abb95085a572a,0.30581333702625013,0.25725605001537044,1.8591016393574777,0.0,7.158868786660832e-08
M2,291502,joint-79aa8ba0c5489ddf2497,0.35051971882003835,0.28031112252760443,1.7761690731399482,0.0,1.7913052929863227e-08
M2,291502,joint-d987f2e8f59153959f0b,1.08938836865144,1.0128528242252781,1.4178451144645638,0.0,3.8989796280475275e-08
M2,291502,joint-cb8130fb1c35fd8e7b18,0.3837526442275167,0.35398049612458654,1.8768728331117275,1.4901161193847656e-08,5.010201364896716e-08
M2,291502,joint-d18a1d26ca0c2d035ee3,1.033655685332541,0.9185278138148345,1.7285619708276945,1.1920928955078125e-07,3.058804359801215e-08
M2,291502,joint-da2f34f1c087e97b1afb,0.35255359729873315,0.29362229277330437,1.9350820086074254,0.0,1.9494898140237638e-08
M2,291502,joint-d61e8bcf8b85f15c898a,0.14276547811140927,0.06770214916527063,1.681656444276896,0.0,1.9960531005835946e-08
M2,291502,joint-4de8fb543630717fe750,0.19758571328912725,0.25081480460597455,1.939506511458992,0.0,3.539484239034607e-08
M2,291502,joint-dc3cf8ce3539277e0726,0.6514738841271882,0.571564788001754,1.9331421579342565,0.0,4.741584369583052e-08
M2,291502,joint-afc74f4446a723051311,0.5004272192158428,0.5627014814982084,1.8119059660355952,0.0,3.413806348717685e-08
M2,291502,joint-b8e91cf056a2850aa06d,0.2767248002057654,0.2405182189908736,1.9013843760297209,0.0,7.122094825007252e-08
M2,291502,joint-1f313d8436034e3c8a2f,0.2915400420138335,0.3796437459699748,1.7391084013897709,0.0,2.7755575615628914e-17
M2,291502,joint-86283058a19cd7794f47,0.892852568825483,0.8565806272972591,1.7364740221624415,0.0,6.20017091002012e-08
M2,291502,joint-a5ed81533299a3f553ae,0.2034695390203599,0.2263322567349816,1.9088061611730553,0.0,9.901328590355973e-09
M2,291502,joint-1b3125f558c72b1ea5e4,0.3547165231762364,0.3970471702912893,1.8691423055465703,0.0,2.3621397948758727e-08
M2,291502,joint-3dcb938aa6f788013529,0.3232099668428294,0.6506081511063839,1.312028363559002,0.0,2.3896644330001493e-08
M2,291502,joint-f3d0c584cd58125ec9bd,0.2415234211858346,0.38160141033117667,1.605395922560626,0.0,1.0241419046153055e-08
M2,291502,joint-a4fe2bd135f56d3a3b4d,0.3725820845100227,0.31360986596098445,1.7656909455885834,0.0,1.0241419046153055e-08
M2,291502,joint-baf9ad5b2a0e2663433b,0.7365914785440296,0.8025571322668941,1.7220569746445331,0.0,1.7069031743588425e-08
M2,291502,joint-63dd4abeb6e1325c7806,0.28590936010075885,0.25812893692561195,1.964866613535586,0.0,3.878288845626798e-08
M2,291502,joint-89a8114aac92bfca40db,0.20101875526070465,0.06152896245977313,1.819380080021907,5.960464477539063e-08,5.753144782794095e-08
M2,291502,joint-fdd9add87d3e0887f0db,0.33272722212684747,0.4330333738566614,1.6092391062178695,0.0,8.534515871794213e-09
M2,291502,joint-8deb233befdaaa44244e,0.6006073138955875,0.5413296381429953,1.944998298913341,0.0,1.8398489842752497e-08
M2,291502,joint-750a25537e1c577ecb17,1.38841059912237,1.271399755620149,1.8590250995648796,0.0,3.0724257138459166e-08
M2,291502,joint-d20c3c92116f8fce3c1e,1.050165562735746,1.1388428569139208,1.3890618541567583,0.0,3.413806348717685e-09
M2,291502,joint-83912571774477870e69,0.3110694979846855,0.35076887958387204,1.8493081403901632,0.0,9.81469324562445e-09
M2,291502,joint-0b091357d2bc89169b82,1.087894997164358,1.034442606890228,1.6287187044535458,0.0,3.8989796280475275e-08
M2,291502,joint-79a2726c7c85c127d89d,0.5482792082184961,0.6651266873632904,1.6533212531556665,0.0,2.090649742214623e-08
M2,291502,joint-ff0e8b614b34aecce4b3,0.11506485399673155,0.03588414914019976,1.8521936997039186,0.0,1.606290978006797e-08
M2,291502,joint-a6e0056491e5774f3780,0.8742544010648045,0.7915344152286898,1.6297544420600092,5.960464477539063e-08,6.1795220496208e-08
M2,291502,joint-009541860623d2bb9f1f,0.3271114924908983,0.3058558063118537,1.9290004961011382,0.0,3.9403612150934464e-08
M2,291502,joint-ffe811f4bd9985f39189,0.4532828280019877,0.4822100333246258,1.7911711925897504,0.0,3.93845880353183e-08
M2,291502,joint-08c462a1ad92c4ade964,0.3323316942930322,0.3524734866097844,1.8690378260548182,0.0,6.512852523954393e-08
M2,291502,joint-2ce56f0ea0683dcda2f5,1.0308113884382957,1.2097304867085552,1.2265123459598197,1.4901161193847656e-08,2.5855177776534788e-08
M2,291502,joint-e8e45e1d9d7dc3a06a25,0.3425643237640094,0.37242152778789905,1.889405154770866,3.725290298461914e-09,6.304805744150599e-08
M2,291502,joint-cf92d455cc3ba4b96312,0.37427941290088207,0.3125649378101156,1.968989750324007,0.0,3.496357886198509e-08
M2,291503,joint-2a931d7a53cb9c33974d,1.3868726302269383,0.9571313081279003,1.9969376500847773,0.0,1.3877787807814457e-17
M2,291503,joint-4352a0ffd3ac22d2f5e6,1.2881994003063306,0.2997614720938468,1.5334661186936724,7.450580596923828e-09,3.280653615433948e-08
M2,291503,joint-147f59a58d0ef285e900,1.378035975570993,1.3076158400318876,1.9462594022839497,5.960464477539063e-08,2.6652016593686767e-08
M2,291503,joint-d0326bfd1d59b011ffc1,0.4230481891563704,0.7496090897796076,1.3266597649076506,0.0,3.6963159200098517e-08
M2,291503,joint-b0a6408213b275a6eec4,0.40005416205240774,1.030598724418767,1.5418070152114844,0.0,7.3926318955308545e-09
M2,291503,joint-f16075ae76c562b01afa,0.3243834383561592,0.1942415351144632,1.7124311428481156,0.0,1.585198194931081e-08
M2,291503,joint-6c84dffefac07a85efd4,0.849316048951736,0.22950043095216535,1.435836524209925,1.4901161193847656e-08,4.6078822535378094e-08
M2,291503,joint-530af393a720d348afb0,1.4428906800706602,0.7601717462506865,1.594594828233011,0.0,1.4020646033063855e-08
M2,291503,joint-66b0d86cfbc4d904308f,1.9285344176815764,1.1275977609074874,1.9290582696211924,0.0,2.7755575615628914e-17
M2,291503,joint-cb84ae0ab47be6c0b097,1.013276577287011,1.0948089658958877,1.0949404896667916,2.9802322387695312e-08,2.0853741400372883e-08
M2,291503,joint-bd7b1bc3eac5c32be6ce,0.6021640024421473,0.4181072555343547,1.1593904703189677,0.0,5.9141054720157626e-08
M2,291503,joint-f42e2b2aa0bcf1904b2c,0.52118754831203,0.2299705188176072,1.6485729482925717,1.862645149230957e-09,2.6820401344274103e-08
M2,291503,joint-0cc5980f554a68da719e,0.2635834599332111,0.27572285279897785,1.9514710263041715,0.0,1.4785263680039407e-08
M2,291503,joint-c71196ce6b27a5f15741,1.397973233386566,0.6482235394428041,1.5815686789678838,1.4901161193847656e-08,9.767124886650436e-09
M2,291503,joint-08a29e94c959b15daf6c,0.16558422505648696,0.10798911164803428,1.599106154161723,0.0,1.4785263680039407e-08
M2,291503,joint-009344968abd7434a0a8,0.8338511532694747,0.24947849011106077,1.447725220050844,1.4901161193847656e-08,1.6777448097471392e-08
M2,291503,joint-0d9b039cb21daac03d2a,1.4141303013910538,0.7326923239015846,1.5821800331542308,0.0,1.4020645977552704e-08
M2,291503,joint-96bbd61ef63ebf358d5e,1.741835364360629,1.6225746051211734,1.790380793533098,0.0,5.551115123125783e-17
M2,291503,joint-71226efdc82c7b8eb4e1,0.8721909364843871,0.8234778443227487,1.8099275535420778,0.0,3.906849954660174e-08
M2,291503,joint-2b6a5ce6c26b3991652e,0.43247932428654234,1.3173887926705883,0.6008762650246443,0.0,1.8481579544538107e-08
M2,291503,joint-c45a492c6ab0e2e5bfbe,0.8861481434332023,0.8698067442104894,1.724184656546393,0.0,3.306198226304957e-08
M2,291503,joint-b2b2ebaf8b3253aafde3,1.2780267310472508,1.2989428181075644,1.6930425689360948,0.0,8.230405690312637e-09
M2,291503,joint-58d5f239e12552c3626e,0.6578025731516096,0.799194746847357,1.4192084408887324,0.0,8.230405690312637e-09
M2,291503,joint-fc2b76f0772372bf8c3c,0.9463099995117944,0.5276966628166564,1.4371051134102582,0.0,1.752580747194088e-08
M2,291503,joint-fe2aefddb9b7745686ad,0.7593328082624696,0.541255370236444,1.8196443097081099,1.862645149230957e-09,3.318071595259653e-09
M2,291503,joint-8b6ff975d45da97a4933,0.8805273735314384,0.24009390596295388,1.4259833696152946,0.0,1.6777447875426788e-08
M2,291503,joint-175e17d0ef9573bac40e,1.6608493305832666,1.7233786311776182,1.5346296971959628,2.9802322387695312e-08,1.646081140838085e-08
M2,291503,joint-a3d06b9cb0966439eddd,0.48704197120919585,0.342274961173806,1.6345515212397328,1.1920928955078125e-07,5.902101407606608e-08
M2,291503,joint-04c90cd2b55e51d7395c,0.7689562520670146,0.9342467291997884,1.5343374153650462,0.0,1.1102230246251565e-16
M2,291503,joint-03d19206c4766692b70a,1.5923563848017848,1.7597270767730617,1.6789443828785424,0.0,5.551115123125783e-17
M2,291503,joint-f3533a47857412ee6574,1.451975752302126,0.6705318999331403,1.617475219376261,0.0,1.4020645977552704e-08
M2,291503,joint-19e423cc276169fd1073,0.448752941168915,0.25968901911256553,1.3691227451345394,0.0,3.680419569107585e-08
M2,291503,joint-ff96f3eeddc533681410,0.29072340462528484,0.5131353688879607,1.4516024989453238,0.0,3.245029178700065e-08
M2,291503,joint-c4e21270ec4d0d7be262,0.9858805392376465,1.0452317885195683,1.1027979380301438,2.9802322387695312e-08,2.6652016593686767e-08
M2,291503,joint-f3c2aa3445150de38445,1.2482824201684348,0.770228012972132,1.5121770071024285,5.960464477539063e-08,4.332202063750401e-08
M2,291503,joint-9b1bd063fe31242ee1d4,0.4328822376141984,1.0937576706927072,1.4658195685581057,0.0,9.240789744513478e-09
M2,291503,joint-dc07119105a4b0f17fef,0.7926865791905925,1.104874328506439,1.2427114743185579,0.0,2.9570527360078813e-08
M2,291503,joint-e62d176dd1f3b78034aa,1.4444980429288818,0.7287762780595304,1.5921571695140575,0.0,9.767124831139284e-09
M2,291503,joint-7fb044ff7f38057c2332,1.218771351845387,0.7600726897418535,1.5018675776719943,5.960464477539063e-08,5.734266650403441e-08
M2,291503,joint-86e6ae730070eee6983b,0.5404436875369696,0.3664609027874836,1.5725001104443088,7.450580596923828e-09,4.013187981932731e-08
M2,291503,joint-9a206f19112cd83d8451,0.8008000418524791,0.22835476441986005,1.478657479846964,1.4901161193847656e-08,4.60788227574227e-08
M2,291503,joint-d9be6f5c2e8106f0264a,1.2828258615688075,0.32287263620380824,1.5356865109274946,0.0,1.953424966227857e-08
M2,291503,joint-6f8a92fc80c9c4920afe,0.8036446456334545,0.7716651526699563,1.4673851102695463,0.0,2.6249148188384197e-08
M2,291503,joint-2a31fc646bfd539046d7,0.7270166253408465,0.6795907690550105,1.8109957679240118,0.0,5.8064361985188384e-08
M2,291503,joint-e8ed568644109d3c68dd,1.4764658558062966,0.7781407959962859,1.6026111247176726,0.0,8.258498551683147e-09
M2,291503,joint-310c46903e1f1c1d5a60,1.7473093226278953,1.6431055890767454,1.7966167969005427,0.0,5.551115123125783e-17
M2,291503,joint-1285f64b5ffdc41a435d,0.8090432980215864,0.8745868897407114,1.9186750872983025,7.450580596923828e-09,5.380602430271608e-08
M2,291503,joint-70524fe1e7c2518c400a,1.0172542322135243,0.40864969000580836,1.4424093919476817,0.0,3.631169764872766e-08
M2,291503,joint-41ae71c0e6c6d51506eb,0.5298279693599042,0.45355353059017744,1.5630026669562518,0.0,3.696315942214312e-08
M2,291503,joint-f2a415df92c5dbd9c22b,1.300643255723502,0.7656721501074132,1.5238872346912962,0.0,2.1030968966329056e-08
M2,291503,joint-05f0f9643ecc833a54a1,0.8594356408518121,0.22961663792741926,1.4280284285955098,0.0,1.953424977330087e-08
M2,291503,joint-6731d5008cdff8444b8a,0.37404319763020377,0.7507495837144768,1.2102885493486428,0.0,1.4785263680039407e-08
M2,291503,joint-cd5d57fb2d2fc404ed88,1.0199310051330674,0.38373195097344565,1.4361465332715257,1.1920928955078125e-07,6.836987420655305e-08
M2,291503,joint-c73f7954cc710bf9d63c,0.7118562526937745,0.9653088579538126,1.5399704338666163,0.0,1.646081126960297e-08
M2,291503,joint-8c80649d97868318c9fe,1.0157455027838322,0.7173685106924819,1.419008807459886,2.9802322387695312e-08,6.561307230867897e-08
M2,291503,joint-e8ffd69e58705acdb563,0.27438069739263,0.22693282705104562,1.7629187639870636,1.4901161193847656e-08,3.28479563549422e-08
M2,291503,joint-2474a6ed6bbe4f7e1b97,0.7013814241763391,0.1674878238851489,1.2869116576702988,0.0,1.4020645977552704e-08
M2,291503,joint-1b6c644185589ebc48c8,0.8976212628421064,0.6685864919119673,1.4614483155518347,0.0,1.953424977330087e-08
M2,291503,joint-efe7c8a0a11bb35094e0,0.534761846314771,0.6415999922672054,1.2806307507141605,0.0,1.4785263680039407e-08
M2,291503,joint-9ea456682d298ae62b43,0.2701560712252648,0.29816308232545385,1.9765103954357015,0.0,7.392631884428624e-08
M2,291503,joint-7d924a87e8568d82b71b,1.2543165222372608,0.7753188430882614,1.5161786180884147,5.960464477539063e-08,3.8791860390574584e-08
M2,291503,joint-f012efad790d4bcb5275,0.7700944950607569,0.7898035987773696,1.631757694575301,0.0,6.104453054156522e-08
M2,291503,joint-99a2122f162a74088f58,0.2519406865063764,0.6025736691999428,1.2284978636853978,0.0,3.6963159200098517e-08
M2,291503,joint-ce884c4d333127e8b6dc,0.1749107661977995,0.9244011209806738,0.6436851605350082,0.0,1.1102230246251565e-16
M2,291503,joint-50af49320c1511a0d6c6,0.25669132280736257,0.15292170057872262,1.7096184987876752,0.0,2.4756340089027162e-08
M2,291503,joint-4664e26abb95085a572a,0.28748074022995457,0.1729653894825778,1.8491242875338652,0.0,1.3789384301077234e-08
M2,291503,joint-79aa8ba0c5489ddf2497,0.7389984071716404,0.5882648632425836,1.4538914038682769,0.0,1.2576898189564645e-08
M2,291503,joint-d987f2e8f59153959f0b,1.1811806267913223,1.1312727664541853,1.605225219122842,0.0,1.734723475976807e-18
M2,291503,joint-cb8130fb1c35fd8e7b18,0.40866504104682166,0.6719830580370327,1.4063996363436149,0.0,8.501526638227119e-08
M2,291503,joint-d18a1d26ca0c2d035ee3,1.2561974453474247,1.047113443977549,1.5509092256859347,0.0,1.953424977330087e-08
M2,291503,joint-da2f34f1c087e97b1afb,1.9149018332588559,1.1514049020815758,1.9144672632635473,0.0,5.551115123125783e-17
M2,291503,joint-d61e8bcf8b85f15c898a,1.4698935408176252,0.7160832315873459,1.6268518610721396,0.0,7.010322988776352e-09
M2,291503,joint-4de8fb543630717fe750,1.2253516110296794,0.794287222113184,1.4573413836815476,1.1920928955078125e-07,6.121804396741481e-08
M2,291503,joint-dc3cf8ce3539277e0726,0.6019836671139062,0.5190947840345964,1.5155449259938865,2.384185791015625e-07,5.3913934650040574e-08
M2,291503,joint-afc74f4446a723051311,0.6080183944951475,0.718632696412563,1.901157957949502,0.0,1.4785263680039407e-08
M2,291503,joint-b8e91cf056a2850aa06d,0.517417014164617,0.44092423482674203,1.603359021699483,0.0,1.6216178067018916e-08
M2,291503,joint-1f313d8436034e3c8a2f,0.5607339938716912,0.7479514231405072,0.26146428312656195,0.0,2.7755575615628914e-17
M2,291503,joint-86283058a19cd7794f47,1.2245798943549469,1.163352533168898,1.830752778499803,0.0,5.3719186876577396e-08
M2,291503,joint-a5ed81533299a3f553ae,1.2566193747726,0.7614649480950298,1.4756952263337444,1.1920928955078125e-07,5.8414771020309786e-08
M2,291503,joint-1b3125f558c72b1ea5e4,0.9681419681086371,0.8351356224225995,1.4160720387674155,1.4901161193847656e-08,6.561307230867897e-08
M2,291503,joint-3dcb938aa6f788013529,0.30361044513505325,0.3759318729655227,1.624580482052733,3.725290298461914e-09,9.450233262597862e-09
M2,291503,joint-f3d0c584cd58125ec9bd,0.31923897539596724,0.4681573179198114,1.627202784702856,0.0,4.435579104011822e-08
M2,291503,joint-a4fe2bd135f56d3a3b4d,0.2910107743109197,0.26288648206253556,1.8475887241474727,0.0,5.7292896871175e-08
M2,291503,joint-baf9ad5b2a0e2663433b,0.9628420038048847,1.0011308557500096,1.812925697821503,0.0,3.6544272496996655e-08
M2,291503,joint-63dd4abeb6e1325c7806,1.7439152374544065,1.7122340897360098,1.5483699093063816,7.450580596923828e-09,4.115202872911894e-09
M2,291503,joint-89a8114aac92bfca40db,0.10366842483478093,0.09755276084773894,1.9491836368850595,0.0,8.252517558204886e-09
M2,291503,joint-fdd9add87d3e0887f0db,0.3493139376498605,1.0122739859061283,1.1552209564758977,0.0,2.217789546454796e-08
M2,291503,joint-8deb233befdaaa44244e,0.680892710218802,0.6442068807469526,1.7279721139277526,0.0,5.05285953078527e-08
M2,291503,joint-750a25537e1c577ecb17,0.42566291067669726,0.4270908355907012,1.9965264208334155,0.0,1.4785263680039407e-08
M2,291503,joint-d20c3c92116f8fce3c1e,0.24690039254665205,0.3915389487202096,1.5960529832883845,0.0,4.435579104011822e-08
M2,291503,joint-83912571774477870e69,0.1176809108618559,0.7024440389622891,0.8282041812464936,0.0,2.587421144006896e-08
M2,291503,joint-0b091357d2bc89169b82,1.3335970087676974,1.3320663134988378,1.879284278339434,0.0,8.614909730031428e-09
M2,291503,joint-79a2726c7c85c127d89d,0.30939461626304227,0.394776090858529,1.759536772947975,1.862645149230957e-09,3.7991959800365294e-08
M2,291503,joint-ff0e8b614b34aecce4b3,0.5777402628806039,0.36106712977395056,1.630454839825374,1.1920928955078125e-07,6.647975020479535e-08
M2,291503,joint-a6e0056491e5774f3780,0.6230168907433818,0.7932943112331877,1.600587796122675,0.0,1.1926721610322488e-08
M2,291503,joint-009541860623d2bb9f1f,0.8262369382353586,1.1428177559199262,0.8376203118719102,2.9802322387695312e-08,3.863870690068438e-08
M2,291503,joint-ffe811f4bd9985f39189,0.8351714139979671,1.1803958620398585,1.1449035194288115,0.0,1.1088947760029555e-08
M2,291503,joint-08c462a1ad92c4ade964,0.12514940493136992,0.6792167788936126,0.8618360953175618,0.0,2.5874211218024357e-08
M2,291503,joint-2ce56f0ea0683dcda2f5,0.33108911842252964,0.3884392794949833,1.7391313546459952,0.0,5.5444738800147775e-08
M2,291503,joint-e8e45e1d9d7dc3a06a25,0.23215366473549995,0.9141912344549652,0.7324256903838456,9.313225746154785e-10,4.6203951775680707e-10
M2,291503,joint-cf92d455cc3ba4b96312,0.5683219633813732,0.44440428534342213,1.7320554553315222,0.0,2.3196921494772482e-08
