model_id,stratum,operator_or_layer,control,denominator,intended_median_anchor,control_median_anchor,dominance_fraction_anchor,intended_median_future,control_median_future,dominance_fraction_future,pair_pass
development_model_1,S1_no_contact,joint_aware_affine,matched_wrong_vector,256,0.0836669401272199,0.38194897922390714,0.99609375,0.07550930368159253,0.22755749759229751,0.99609375,true
development_model_1,S2_interaction_sensitive,joint_aware_affine,matched_wrong_vector,256,0.24160141369458332,0.290135135701366,0.671875,0.24980994618975427,0.2951812451353829,0.66796875,false
development_model_2,S1_no_contact,joint_aware_affine,matched_wrong_vector,256,0.17356982854015274,0.30393193216734704,0.8671875,0.12505564742639133,0.19827414667462645,0.92578125,true
development_model_2,S2_interaction_sensitive,joint_aware_affine,matched_wrong_vector,256,0.260695414791252,0.2939116097936989,0.73046875,0.2531831850998758,0.27653758258996597,0.7109375,false
development_model_3,S1_no_contact,joint_aware_affine,matched_wrong_vector,256,0.1949386695812478,0.35455766781063636,0.8515625,0.13798202261062995,0.220416575289516,0.80078125,true
development_model_3,S2_interaction_sensitive,joint_aware_affine,matched_wrong_vector,256,0.26335524884227557,0.3429253920529085,0.81640625,0.27580001657687003,0.3110576473723166,0.7265625,false
development_model_1,S1_no_contact,joint_aware_affine,no_patch,256,0.0836669401272199,0.3331485146434702,1.0,0.07550930368159253,0.20630086036727294,1.0,true
development_model_1,S2_interaction_sensitive,joint_aware_affine,no_patch,256,0.24160141369458332,0.3295746390444808,0.82421875,0.24980994618975427,0.31752528388947,0.66796875,false
development_model_2,S1_no_contact,joint_aware_affine,no_patch,256,0.17356982854015274,0.338068478933661,0.890625,0.12505564742639133,0.2063104935502021,0.9921875,true
development_model_2,S2_interaction_sensitive,joint_aware_affine,no_patch,256,0.260695414791252,0.32593180119551246,0.90625,0.2531831850998758,0.318915237064719,0.6796875,false
development_model_3,S1_no_contact,joint_aware_affine,no_patch,256,0.1949386695812478,0.3334252125703959,0.82421875,0.13798202261062995,0.2039934162953374,0.84765625,true
development_model_3,S2_interaction_sensitive,joint_aware_affine,no_patch,256,0.26335524884227557,0.3258863525139992,0.76171875,0.27580001657687003,0.31859921873377633,0.6953125,false
development_model_1,S1_no_contact,joint_aware_affine,random_equal_norm,256,0.0836669401272199,0.32807391163845967,1.0,0.07550930368159253,0.2116763913889777,1.0,true
development_model_1,S2_interaction_sensitive,joint_aware_affine,random_equal_norm,256,0.24160141369458332,0.32530784533834345,0.8203125,0.24980994618975427,0.324266711825139,0.6953125,false
development_model_2,S1_no_contact,joint_aware_affine,random_equal_norm,256,0.17356982854015274,0.32990584181195937,0.9296875,0.12505564742639133,0.206324581014025,0.984375,true
development_model_2,S2_interaction_sensitive,joint_aware_affine,random_equal_norm,256,0.260695414791252,0.3253749849776463,0.8828125,0.2531831850998758,0.32561288935817423,0.7109375,false
development_model_3,S1_no_contact,joint_aware_affine,random_equal_norm,256,0.1949386695812478,0.3307968452791453,0.87109375,0.13798202261062995,0.20738756836995986,0.8515625,true
development_model_3,S2_interaction_sensitive,joint_aware_affine,random_equal_norm,256,0.26335524884227557,0.32534037337542376,0.75,0.27580001657687003,0.32091161303722415,0.71875,false
development_model_1,S1_no_contact,joint_aware_affine,wrong_object,256,0.0836669401272199,0.33287943738334824,1.0,0.07550930368159253,0.25794916677267127,1.0,true
development_model_1,S2_interaction_sensitive,joint_aware_affine,wrong_object,256,0.24160141369458332,0.33592805191220887,0.8515625,0.24980994618975427,0.35835721259944375,0.734375,false
development_model_2,S1_no_contact,joint_aware_affine,wrong_object,256,0.17356982854015274,0.33140428587178394,0.9609375,0.12505564742639133,0.2409934136031846,1.0,true
development_model_2,S2_interaction_sensitive,joint_aware_affine,wrong_object,256,0.260695414791252,0.3197448745505483,0.71484375,0.2531831850998758,0.34818137067465116,0.73046875,false
development_model_3,S1_no_contact,joint_aware_affine,wrong_object,256,0.1949386695812478,0.31934739241721266,0.82421875,0.13798202261062995,0.2617132652927523,0.9921875,true
development_model_3,S2_interaction_sensitive,joint_aware_affine,wrong_object,256,0.26335524884227557,0.31990821211553166,0.73828125,0.27580001657687003,0.3491533923046637,0.78515625,false
development_model_1,S1_no_contact,minimal_joint_correction,matched_wrong_vector,256,0.08069109718942412,0.38263665982528505,0.99609375,0.07896825016810816,0.22307987000030965,0.9921875,true
development_model_1,S2_interaction_sensitive,minimal_joint_correction,matched_wrong_vector,256,0.24841315682911175,0.289479636383132,0.6640625,0.2536833652785872,0.2954985305134413,0.69140625,false
development_model_2,S1_no_contact,minimal_joint_correction,matched_wrong_vector,256,0.1721221311570153,0.3060208714611412,0.875,0.1259307514433502,0.20077066052374176,0.921875,true
development_model_2,S2_interaction_sensitive,minimal_joint_correction,matched_wrong_vector,256,0.26082135157565023,0.29461872515070986,0.73046875,0.25332548066238747,0.27650306933770513,0.703125,false
development_model_3,S1_no_contact,minimal_joint_correction,matched_wrong_vector,256,0.19362968045812995,0.352831623309549,0.8515625,0.13800339894448865,0.22156320839331747,0.80078125,true
development_model_3,S2_interaction_sensitive,minimal_joint_correction,matched_wrong_vector,256,0.26305848470065485,0.34373911189698514,0.81640625,0.2773138520300612,0.31034944431973455,0.72265625,false
development_model_1,S1_no_contact,minimal_joint_correction,no_patch,256,0.08069109718942412,0.3331485146434702,1.0,0.07896825016810816,0.20630086036727294,1.0,true
development_model_1,S2_interaction_sensitive,minimal_joint_correction,no_patch,256,0.24841315682911175,0.3295746390444808,0.8203125,0.2536833652785872,0.31752528388947,0.6640625,false
development_model_2,S1_no_contact,minimal_joint_correction,no_patch,256,0.1721221311570153,0.338068478933661,0.8984375,0.1259307514433502,0.2063104935502021,0.9921875,true
development_model_2,S2_interaction_sensitive,minimal_joint_correction,no_patch,256,0.26082135157565023,0.32593180119551246,0.89453125,0.25332548066238747,0.318915237064719,0.67578125,false
development_model_3,S1_no_contact,minimal_joint_correction,no_patch,256,0.19362968045812995,0.3334252125703959,0.82421875,0.13800339894448865,0.2039934162953374,0.86328125,true
development_model_3,S2_interaction_sensitive,minimal_joint_correction,no_patch,256,0.26305848470065485,0.3258863525139992,0.76171875,0.2773138520300612,0.31859921873377633,0.69921875,false
development_model_1,S1_no_contact,minimal_joint_correction,random_equal_norm,256,0.08069109718942412,0.32683603855350646,1.0,0.07896825016810816,0.20888654022755082,1.0,true
development_model_1,S2_interaction_sensitive,minimal_joint_correction,random_equal_norm,256,0.24841315682911175,0.3264404826731878,0.8125,0.2536833652785872,0.327416393149922,0.72265625,false
development_model_2,S1_no_contact,minimal_joint_correction,random_equal_norm,256,0.1721221311570153,0.33539325858467417,0.92578125,0.1259307514433502,0.2094487415536514,1.0,true
development_model_2,S2_interaction_sensitive,minimal_joint_correction,random_equal_norm,256,0.26082135157565023,0.32457038676453936,0.8515625,0.25332548066238747,0.3184791943201335,0.68359375,false
development_model_3,S1_no_contact,minimal_joint_correction,random_equal_norm,256,0.19362968045812995,0.3262960127786684,0.8359375,0.13800339894448865,0.2079152477087182,0.86328125,true
development_model_3,S2_interaction_sensitive,minimal_joint_correction,random_equal_norm,256,0.26305848470065485,0.3219146200895404,0.7421875,0.2773138520300612,0.3224165735798014,0.69140625,false
development_model_1,S1_no_contact,minimal_joint_correction,wrong_object,256,0.08069109718942412,0.3321716523250304,1.0,0.07896825016810816,0.2596342800535718,1.0,true
development_model_1,S2_interaction_sensitive,minimal_joint_correction,wrong_object,256,0.24841315682911175,0.33573172017866315,0.83984375,0.2536833652785872,0.3560897311428679,0.72265625,false
development_model_2,S1_no_contact,minimal_joint_correction,wrong_object,256,0.1721221311570153,0.3314804498886055,0.94140625,0.1259307514433502,0.2412426251002412,1.0,true
development_model_2,S2_interaction_sensitive,minimal_joint_correction,wrong_object,256,0.26082135157565023,0.3204829195311817,0.7265625,0.25332548066238747,0.3481090715473616,0.73046875,false
development_model_3,S1_no_contact,minimal_joint_correction,wrong_object,256,0.19362968045812995,0.31919227697766694,0.828125,0.13800339894448865,0.2620551210694977,0.99609375,true
development_model_3,S2_interaction_sensitive,minimal_joint_correction,wrong_object,256,0.26305848470065485,0.3201355804036554,0.7578125,0.2773138520300612,0.349917960890696,0.78515625,false
development_model_1,S1_no_contact,native_joint,matched_wrong_vector,256,0.05454116133892818,0.4378502409826799,1.0,0.06911167021107464,0.24625812706616762,1.0,true
development_model_1,S2_interaction_sensitive,native_joint,matched_wrong_vector,256,0.22774885102978826,0.3519351202303511,0.88671875,0.21796634980415402,0.3403202734222551,0.875,true
development_model_2,S1_no_contact,native_joint,matched_wrong_vector,256,0.04995203417883132,0.416281138809906,1.0,0.06126386230812954,0.270954957926317,0.98828125,true
development_model_2,S2_interaction_sensitive,native_joint,matched_wrong_vector,256,0.2444664111583057,0.3841578690844344,0.9375,0.19752929183481277,0.3502124697572966,0.89453125,true
development_model_3,S1_no_contact,native_joint,matched_wrong_vector,256,0.05741759623006347,0.42044244809275855,1.0,0.07287602628499962,0.24662851093668217,0.99609375,true
development_model_3,S2_interaction_sensitive,native_joint,matched_wrong_vector,256,0.23782068786684893,0.32845885330469754,0.8203125,0.24700093573150125,0.3063925352428626,0.82421875,true
development_model_1,S1_no_contact,native_joint,wrong_object,256,0.05454116133892818,0.33673128419495924,1.0,0.06911167021107464,0.2738032378849298,1.0,true
development_model_1,S2_interaction_sensitive,native_joint,wrong_object,256,0.22774885102978826,0.3268136767811777,0.859375,0.21796634980415402,0.38142010423552447,0.8828125,true
development_model_2,S1_no_contact,native_joint,wrong_object,256,0.04995203417883132,0.33280890884398395,1.0,0.06126386230812954,0.2737777524785444,1.0,true
development_model_2,S2_interaction_sensitive,native_joint,wrong_object,256,0.2444664111583057,0.32235077232854725,0.7265625,0.19752929183481277,0.3866128795485878,0.9453125,false
development_model_3,S1_no_contact,native_joint,wrong_object,256,0.05741759623006347,0.32628368825966375,1.0,0.07287602628499962,0.2620175923094218,1.0,true
development_model_3,S2_interaction_sensitive,native_joint,wrong_object,256,0.23782068786684893,0.31362137394116174,0.73046875,0.24700093573150125,0.37249422415058664,0.78125,false
development_model_1,S1_no_contact,original_affine,matched_wrong_vector,256,0.08333956878877988,0.37562150748053735,0.9921875,0.07824266671006984,0.22636203813091937,0.99609375,true
development_model_1,S2_interaction_sensitive,original_affine,matched_wrong_vector,256,0.24306668985786306,0.29020177970794514,0.6640625,0.25002190070461755,0.2936382410226102,0.6484375,false
development_model_2,S1_no_contact,original_affine,matched_wrong_vector,256,0.18033097247622681,0.3025614436972236,0.8671875,0.1340905452692048,0.21330169559666062,0.90625,true
development_model_2,S2_interaction_sensitive,original_affine,matched_wrong_vector,256,0.2606149160211597,0.29805861011795354,0.7265625,0.25447886843090384,0.278949387221598,0.703125,false
development_model_3,S1_no_contact,original_affine,matched_wrong_vector,256,0.19815867992908118,0.3569675213421304,0.83984375,0.14051016841844238,0.22114977540531375,0.78515625,false
development_model_3,S2_interaction_sensitive,original_affine,matched_wrong_vector,256,0.2625915898322797,0.34437931785019466,0.8203125,0.2750659271191092,0.3112097674818407,0.73046875,false
development_model_1,S1_no_contact,original_affine,no_patch,256,0.08333956878877988,0.3331485146434702,1.0,0.07824266671006984,0.20630086036727294,1.0,true
development_model_1,S2_interaction_sensitive,original_affine,no_patch,256,0.24306668985786306,0.3295746390444808,0.80078125,0.25002190070461755,0.31752528388947,0.66796875,false
development_model_2,S1_no_contact,original_affine,no_patch,256,0.18033097247622681,0.338068478933661,0.89453125,0.1340905452692048,0.2063104935502021,0.98046875,true
development_model_2,S2_interaction_sensitive,original_affine,no_patch,256,0.2606149160211597,0.32593180119551246,0.8984375,0.25447886843090384,0.318915237064719,0.65625,false
development_model_3,S1_no_contact,original_affine,no_patch,256,0.19815867992908118,0.3334252125703959,0.81640625,0.14051016841844238,0.2039934162953374,0.85546875,true
development_model_3,S2_interaction_sensitive,original_affine,no_patch,256,0.2625915898322797,0.3258863525139992,0.7734375,0.2750659271191092,0.31859921873377633,0.70703125,false
development_model_1,S1_no_contact,original_affine,random_equal_norm,256,0.08333956878877988,0.33387926531014034,1.0,0.07824266671006984,0.2140320499900867,1.0,true
development_model_1,S2_interaction_sensitive,original_affine,random_equal_norm,256,0.24306668985786306,0.322934239507535,0.77734375,0.25002190070461755,0.3266769212526319,0.66015625,false
development_model_2,S1_no_contact,original_affine,random_equal_norm,256,0.18033097247622681,0.32957341525068673,0.89453125,0.1340905452692048,0.20767910225236746,0.96484375,true
development_model_2,S2_interaction_sensitive,original_affine,random_equal_norm,256,0.2606149160211597,0.327683913854076,0.83984375,0.25447886843090384,0.32251714816949273,0.65234375,false
development_model_3,S1_no_contact,original_affine,random_equal_norm,256,0.19815867992908118,0.32164763289321746,0.83984375,0.14051016841844238,0.2071573800004371,0.83984375,true
development_model_3,S2_interaction_sensitive,original_affine,random_equal_norm,256,0.2625915898322797,0.32212569421424775,0.7265625,0.2750659271191092,0.3209505649138773,0.71484375,false
development_model_1,S1_no_contact,original_affine,wrong_object,256,0.08333956878877988,0.3319591054195698,1.0,0.07824266671006984,0.26042850881952107,1.0,true
development_model_1,S2_interaction_sensitive,original_affine,wrong_object,256,0.24306668985786306,0.336864922773229,0.8203125,0.25002190070461755,0.36016206913818083,0.73828125,false
development_model_2,S1_no_contact,original_affine,wrong_object,256,0.18033097247622681,0.3312976693116771,0.9609375,0.1340905452692048,0.24713598125862515,1.0,true
development_model_2,S2_interaction_sensitive,original_affine,wrong_object,256,0.2606149160211597,0.3197178086728295,0.71875,0.25447886843090384,0.35531105890234593,0.7421875,false
development_model_3,S1_no_contact,original_affine,wrong_object,256,0.19815867992908118,0.32161853330445506,0.8203125,0.14051016841844238,0.2618988512676657,0.984375,true
development_model_3,S2_interaction_sensitive,original_affine,wrong_object,256,0.2625915898322797,0.31897288893343645,0.75,0.2750659271191092,0.34970585987043246,0.79296875,false
development_model_1,S1_no_contact,rank4_oracle,matched_wrong_vector,256,0.0635650517778387,0.4200314309938453,1.0,0.07930730568128204,0.2339242056687828,0.9765625,true
development_model_1,S2_interaction_sensitive,rank4_oracle,matched_wrong_vector,256,0.23264516537881685,0.3509065908223108,0.89453125,0.2122302621450859,0.33236872777274007,0.86328125,true
development_model_2,S1_no_contact,rank4_oracle,matched_wrong_vector,256,0.1297768924602222,0.3326124672265553,0.9140625,0.0989914942065113,0.19708225547998381,0.80859375,true
development_model_2,S2_interaction_sensitive,rank4_oracle,matched_wrong_vector,256,0.2514168467276262,0.40370664888988794,0.94921875,0.20764159200239063,0.3525089979513436,0.86328125,true
development_model_3,S1_no_contact,rank4_oracle,matched_wrong_vector,256,0.10354761827602053,0.353338804974928,0.99609375,0.08205055746195056,0.22840799296563175,1.0,true
development_model_3,S2_interaction_sensitive,rank4_oracle,matched_wrong_vector,256,0.24243305228074086,0.32253668250588935,0.828125,0.23906611127409355,0.2977729262880354,0.8359375,true
development_model_1,S1_no_contact,rank4_oracle,wrong_object,256,0.0635650517778387,0.33332386679749026,1.0,0.07930730568128204,0.2692067371991844,1.0,true
development_model_1,S2_interaction_sensitive,rank4_oracle,wrong_object,256,0.23264516537881685,0.33199673764916726,0.91015625,0.2122302621450859,0.37564167785153374,0.88671875,true
development_model_2,S1_no_contact,rank4_oracle,wrong_object,256,0.1297768924602222,0.33383159052166445,0.8359375,0.0989914942065113,0.2531662851987869,0.94140625,true
development_model_2,S2_interaction_sensitive,rank4_oracle,wrong_object,256,0.2514168467276262,0.3285287645993463,0.7578125,0.20764159200239063,0.3845926505774604,0.953125,false
development_model_3,S1_no_contact,rank4_oracle,wrong_object,256,0.10354761827602053,0.31433960286942997,1.0,0.08205055746195056,0.2557806652211526,1.0,true
development_model_3,S2_interaction_sensitive,rank4_oracle,wrong_object,256,0.24243305228074086,0.3170051776563436,0.78515625,0.23906611127409355,0.3700503152336237,0.8046875,false
